model,number_of_genes,accuracy,accuracy_sd,balanced_accuracy,balanced_accuracy_sd,macro_f1,macro_f1_sd,section,ei_group
LogisticRegression,10,0.47736842105263155,0.1335598260960773,0.3490384615384616,0.21355488064662614,0.33799206349206345,0.19229131444106728,10,excitatory
LogisticRegression,3,0.38526315789473686,0.1173294719418339,0.34775641025641024,0.14459356081919678,0.2838085827216262,0.11749229650693514,10,excitatory
LogisticRegression,2,0.3852631578947368,0.1074715706787387,0.3471153846153846,0.14104603582131367,0.2907685551163812,0.10999491190709391,10,excitatory
RandomForest,40,0.49947368421052624,0.0877606919877672,0.3266025641025641,0.10182223684365238,0.29126961926961925,0.07908715337012233,10,excitatory
LogisticRegression,1,0.34368421052631576,0.07812909269058319,0.3022435897435897,0.16010762323845296,0.2513214442562269,0.11239437107606223,10,excitatory
LogisticRegression,5,0.3957894736842106,0.10261943247961215,0.3006410256410256,0.13905085887678695,0.2651460172169554,0.11344901105492883,10,excitatory
ExtraTrees,40,0.5836842105263157,0.13574866787937526,0.2983974358974359,0.11479729440809486,0.2665156905674147,0.09862006263638264,10,excitatory
ExtraTrees,3,0.3131578947368421,0.06023959548557682,0.27403846153846156,0.17914344374977076,0.21798404210168912,0.11797645908052841,10,excitatory
LogisticRegression,20,0.4989473684210527,0.10153394148873679,0.27307692307692305,0.06613446346937912,0.26429559570863914,0.06079500276067407,10,excitatory
ExtraTrees,10,0.4052631578947368,0.08421052631578947,0.24967948717948718,0.13723189748875048,0.2226262939958592,0.08195996020152715,10,excitatory
RandomForest,3,0.2926315789473684,0.0660395248057184,0.2451923076923077,0.10928500218615127,0.17313877001089278,0.046447125778020196,10,excitatory
RandomForest,10,0.3326315789473684,0.047356723701903136,0.2435897435897436,0.13022448124722102,0.2030844155844156,0.06600813398639566,10,excitatory
RandomForest,20,0.42526315789473684,0.09569110044095588,0.24038461538461542,0.09839273771461482,0.25185769303160604,0.11271433315786573,10,excitatory
RandomForest,1,0.3026315789473684,0.07158668688808129,0.2326923076923077,0.09277946570803111,0.19542568542568542,0.06605487226082066,10,excitatory
ExtraTrees,2,0.3026315789473684,0.05393131982083999,0.23237179487179488,0.13456195520878886,0.17985067392188134,0.06835195210234402,10,excitatory
ExtraTrees,20,0.5,0.040768245749551776,0.23044871794871796,0.04343392209355109,0.20466957180750284,0.030720046949735028,10,excitatory
RandomForest,5,0.28368421052631576,0.12814897839943926,0.22403846153846155,0.1900032872825422,0.18306854256854257,0.13434913930132653,10,excitatory
ExtraTrees,5,0.37631578947368416,0.10513149660756935,0.21185897435897436,0.1443532243697047,0.1963143338143338,0.1090572472514096,10,excitatory
ExtraTrees,1,0.30210526315789477,0.039046814717876646,0.19839743589743591,0.05975995704050694,0.180291638186375,0.0448410247366801,10,excitatory
RandomForest,2,0.25052631578947365,0.041788280507956216,0.18333333333333335,0.08111950908044054,0.14914276895835651,0.03776029405749235,10,excitatory
LogisticRegression,40,0.42631578947368426,0.09761703679469161,0.18205128205128204,0.060087392523743545,0.1843502415458937,0.0556159870860623,10,excitatory
LogisticRegression,40,0.7642857142857143,0.058028845747399686,0.5279710144927535,0.10879214316198857,0.5280606214116853,0.10861291957231413,10,inhibitory
LogisticRegression,1,0.6214285714285714,0.06624013211068362,0.5218840579710144,0.08439473706702615,0.49216821371103847,0.06541476409431243,10,inhibitory
LogisticRegression,2,0.6714285714285714,0.1044909917023414,0.5206521739130434,0.08342465066000682,0.4897643561811112,0.07796183191121654,10,inhibitory
LogisticRegression,20,0.6928571428571428,0.06624013211068361,0.5017753623188406,0.06482221254828884,0.49302716607064434,0.06486626579933928,10,inhibitory
RandomForest,20,0.7,0.0662401321106836,0.49528985507246387,0.048897608944308224,0.4869045525094511,0.05450428196179502,10,inhibitory
LogisticRegression,10,0.6642857142857144,0.08630747123996124,0.49528985507246376,0.11162625410231648,0.46277821771724215,0.07211384948089955,10,inhibitory
ExtraTrees,40,0.7428571428571429,0.06144518047887588,0.49463768115942025,0.07740885853674752,0.4974511978704525,0.07667420925022483,10,inhibitory
LogisticRegression,3,0.6642857142857143,0.09476070829586858,0.49047101449275365,0.06131839356689009,0.47506804524566987,0.05827160010163033,10,inhibitory
RandomForest,40,0.6928571428571428,0.02857142857142856,0.48594202898550726,0.08645975251452508,0.477536231884058,0.06667544089697262,10,inhibitory
ExtraTrees,20,0.7142857142857143,0.07824607964359515,0.4829710144927536,0.030921530392235504,0.466981583321776,0.03718662827155976,10,inhibitory
RandomForest,2,0.6928571428571428,0.06998542122237648,0.4807608695652174,0.09498866822388488,0.48397999516011936,0.08653063803892866,10,inhibitory
RandomForest,1,0.6857142857142857,0.05248906591678237,0.4607608695652174,0.06810732677555696,0.4637331455162167,0.06214906807940141,10,inhibitory
RandomForest,3,0.6714285714285714,0.026726124191242425,0.4524275362318841,0.04850441226137759,0.45189723320158104,0.04067768744505042,10,inhibitory
RandomForest,5,0.6928571428571428,0.1186660551845439,0.4496376811594203,0.10083698509741887,0.454987012987013,0.0965982775512927,10,inhibitory
ExtraTrees,1,0.6928571428571428,0.036421567954234166,0.44427536231884057,0.0548195230663379,0.44561673294328247,0.04806018685677478,10,inhibitory
LogisticRegression,5,0.65,0.10449099170234138,0.44028985507246376,0.09488442156200605,0.4464884883685725,0.07771931760648365,10,inhibitory
ExtraTrees,10,0.6714285714285715,0.10449099170234137,0.43695652173913047,0.09593002847580644,0.4258090470230645,0.06218937850227527,10,inhibitory
RandomForest,10,0.6928571428571428,0.10251928638862373,0.42862318840579716,0.09642447334064738,0.4401362361867062,0.09618192648670838,10,inhibitory
ExtraTrees,3,0.6642857142857143,0.08630747123996124,0.42797101449275365,0.06820671179987763,0.4338659689788388,0.06561637238816301,10,inhibitory
ExtraTrees,2,0.6785714285714286,0.06388765649999399,0.42065217391304344,0.042243952996817324,0.41765829249954634,0.02396876349746284,10,inhibitory
ExtraTrees,5,0.65,0.09689042833036098,0.38297101449275367,0.06079619456579498,0.3917748917748918,0.036879204312526344,10,inhibitory
LogisticRegression,20,0.9094017094017094,0.0510329499204323,0.9095454545454545,0.0680362081529733,0.8608144077514469,0.0788273174022676,19,inhibitory
LogisticRegression,40,0.90997150997151,0.0893261216741444,0.8786363636363635,0.14392376310664218,0.8543607168025773,0.1371265547008352,19,inhibitory
LogisticRegression,5,0.8572649572649572,0.07478510377513628,0.8622727272727275,0.09826595721361207,0.7947024052379009,0.09458606996924582,19,inhibitory
LogisticRegression,3,0.8341880341880342,0.059178391019192346,0.8486363636363639,0.09165151389911681,0.7654234394189465,0.07417138552395386,19,inhibitory
RandomForest,10,0.8940170940170941,0.04908725256086675,0.8390909090909092,0.06117648227440896,0.8211334789241767,0.06556495877691003,19,inhibitory
RandomForest,40,0.8937321937321936,0.02921582619554251,0.8390909090909092,0.07387447472929284,0.8157288835195813,0.05564127958114313,19,inhibitory
LogisticRegression,10,0.8720797720797719,0.06892231944593484,0.8254545454545454,0.10835356878187535,0.7945747748186773,0.10489788791361815,19,inhibitory
RandomForest,20,0.9008547008547009,0.040014039629924066,0.8231818181818182,0.0914574371492956,0.8166666666666667,0.07976723507420337,19,inhibitory
RandomForest,3,0.8712250712250713,0.037845654559614986,0.805,0.10406410929314298,0.77331822542136,0.08321704358716471,19,inhibitory
LogisticRegression,2,0.7877492877492877,0.04552168098549096,0.800909090909091,0.11532920899009494,0.7072356099185367,0.07579032213836094,19,inhibitory
ExtraTrees,20,0.8792022792022791,0.06382910967768868,0.7990909090909092,0.13999409668781757,0.7828836538138864,0.11354479554934038,19,inhibitory
ExtraTrees,10,0.8638176638176638,0.06058804966393829,0.7950000000000002,0.15667252787816865,0.7582725054969746,0.12798580649596555,19,inhibitory
ExtraTrees,3,0.8715099715099714,0.029143502797822057,0.7945454545454546,0.1346605772837031,0.7622986181327941,0.08803631852625363,19,inhibitory
RandomForest,2,0.8564102564102564,0.026257236256396487,0.765,0.11642576466438156,0.7387794308825655,0.07791810446693348,19,inhibitory
RandomForest,1,0.8111111111111111,0.08402191950389405,0.7631818181818183,0.10438129403995018,0.7197346527550725,0.10197937174822315,19,inhibitory
RandomForest,5,0.8720797720797722,0.06415256043321971,0.7586363636363636,0.10406410929314297,0.7620314950749733,0.1070455895761033,19,inhibitory
ExtraTrees,2,0.8264957264957264,0.08196220235717505,0.7518181818181819,0.17925119730572847,0.7073816605681758,0.1357290362428228,19,inhibitory
ExtraTrees,40,0.8256410256410256,0.06963816212682813,0.7468181818181818,0.11570481107449736,0.7169487231115138,0.10033146185336016,19,inhibitory
LogisticRegression,1,0.7723646723646724,0.055525596422016335,0.7454545454545455,0.1167836878680671,0.6679761674763628,0.08416062279862688,19,inhibitory
ExtraTrees,5,0.8267806267806268,0.08269276780130688,0.715909090909091,0.16361110916231303,0.6951790475260845,0.1413549697854897,19,inhibitory
ExtraTrees,1,0.7512820512820513,0.08092171199004872,0.6445454545454545,0.1400899946875945,0.6149073794422633,0.11881661770662919,19,inhibitory
ExtraTrees,1,0.6884615384615385,0.10630980739296349,0.6952380952380952,0.10340024166956412,0.6823701298701299,0.1133798837318287,2,excitatory
LogisticRegression,3,0.6897435897435897,0.1052219719419651,0.6880952380952381,0.10631958838936242,0.6857326007326008,0.10613900603337277,2,excitatory
LogisticRegression,1,0.6705128205128206,0.06532173950183075,0.6666666666666667,0.06432979088622043,0.6492895339954163,0.09153815814579282,2,excitatory
ExtraTrees,5,0.6564102564102564,0.12414070191702772,0.6595238095238095,0.12339674780809463,0.6539560439560439,0.1236486806628181,2,excitatory
ExtraTrees,2,0.6423076923076924,0.12138256798507309,0.65,0.11283805343878844,0.6297803503685857,0.13887960146982942,2,excitatory
RandomForest,1,0.6397435897435898,0.08193100158292543,0.6452380952380953,0.07802842670559018,0.6286294261294261,0.09229844974595001,2,excitatory
RandomForest,10,0.641025641025641,0.0760635742266222,0.6404761904761904,0.07158712561129955,0.6291591741591741,0.07423832260158615,2,excitatory
RandomForest,20,0.6397435897435898,0.044485516853583235,0.6380952380952382,0.044923719676459986,0.6165439462498286,0.06866416510346239,2,excitatory
RandomForest,40,0.6230769230769231,0.07050116453778214,0.6238095238095238,0.07046975517594638,0.6126623376623377,0.07231037746983246,2,excitatory
RandomForest,5,0.6243589743589744,0.060623540602753274,0.6214285714285714,0.058028845747399714,0.6024746821805645,0.07616777598209419,2,excitatory
LogisticRegression,5,0.6243589743589744,0.07773080200627755,0.6214285714285713,0.07581753965757455,0.6202430902430902,0.07683411900933977,2,excitatory
ExtraTrees,40,0.6076923076923076,0.07844645405527362,0.6095238095238095,0.0791107034563626,0.5985930735930736,0.07878026698400258,2,excitatory
ExtraTrees,3,0.5948717948717948,0.1196092696378523,0.6023809523809524,0.11308897225750397,0.5847619047619047,0.1304675005795811,2,excitatory
ExtraTrees,20,0.5923076923076923,0.09607689228305227,0.5928571428571429,0.09914601339836673,0.5811471861471862,0.09806996957939443,2,excitatory
LogisticRegression,40,0.5782051282051281,0.0769658001015571,0.5785714285714285,0.08199607313201221,0.5608018288900641,0.09665984048897297,2,excitatory
ExtraTrees,10,0.5782051282051281,0.034496471915573645,0.5761904761904761,0.034992710611188284,0.5696858696858695,0.03440726556199522,2,excitatory
LogisticRegression,2,0.5641025641025641,0.1202670707647033,0.5642857142857143,0.11799534946060829,0.5566233766233766,0.12084620091890165,2,excitatory
RandomForest,3,0.5615384615384615,0.08284868934053083,0.5642857142857143,0.08604433809329833,0.5481227106227106,0.09452709914336938,2,excitatory
RandomForest,2,0.5461538461538462,0.06153846153846154,0.5523809523809524,0.06236095644623236,0.5284615384615384,0.0749916168884916,2,excitatory
LogisticRegression,20,0.5307692307692309,0.07050116453778216,0.5261904761904763,0.06917066212539977,0.5059951812892989,0.07825971597616108,2,excitatory
LogisticRegression,10,0.5012820512820513,0.07026763900535754,0.4976190476190476,0.06957923426763077,0.48925213675213675,0.06259748026387267,2,excitatory
LogisticRegression,1,0.9400000000000001,0.07999999999999999,0.9466666666666667,0.06863753427324669,0.9397979797979797,0.08010196542413744,20,excitatory
RandomForest,1,0.9400000000000001,0.07999999999999999,0.9466666666666667,0.06863753427324669,0.9397979797979797,0.08010196542413744,20,excitatory
RandomForest,3,0.9400000000000001,0.07999999999999999,0.9466666666666667,0.06863753427324669,0.9397979797979797,0.08010196542413744,20,excitatory
RandomForest,5,0.9400000000000001,0.07999999999999999,0.9466666666666667,0.06863753427324669,0.9397979797979797,0.08010196542413744,20,excitatory
ExtraTrees,1,0.9199999999999999,0.0748331477354788,0.9266666666666665,0.06463573143221774,0.9195959595959596,0.07494268802981223,20,excitatory
LogisticRegression,3,0.9199999999999999,0.0979795897113271,0.9266666666666665,0.09043106644167025,0.9183333333333333,0.10005554013202421,20,excitatory
LogisticRegression,5,0.9199999999999999,0.0979795897113271,0.9266666666666665,0.09043106644167025,0.9183333333333333,0.10005554013202421,20,excitatory
RandomForest,40,0.9199999999999999,0.0979795897113271,0.9266666666666665,0.09043106644167026,0.9183333333333333,0.10005554013202421,20,excitatory
LogisticRegression,2,0.9177777777777777,0.07555555555555554,0.9216666666666666,0.0674124947205223,0.9164213564213564,0.07607595573655775,20,excitatory
RandomForest,2,0.9177777777777777,0.07555555555555554,0.9216666666666666,0.0674124947205223,0.9164213564213564,0.07607595573655775,20,excitatory
RandomForest,10,0.9,0.06324555320336757,0.9066666666666666,0.05333333333333335,0.8993939393939394,0.06324748906456401,20,excitatory
RandomForest,20,0.9,0.06324555320336757,0.9066666666666666,0.05333333333333335,0.8993939393939394,0.06324748906456401,20,excitatory
LogisticRegression,10,0.9,0.10954451150103324,0.9033333333333333,0.10974718422102886,0.8936618936618936,0.12045716498341921,20,excitatory
LogisticRegression,20,0.9,0.08944271909999157,0.9,0.08944271909999157,0.8964646464646465,0.09317805417926811,20,excitatory
ExtraTrees,3,0.8800000000000001,0.11661903789690603,0.89,0.10198039027185568,0.8775252525252526,0.11868686868686865,20,excitatory
ExtraTrees,20,0.8800000000000001,0.0748331477354788,0.8866666666666667,0.06863753427324668,0.8779292929292929,0.07655399554067378,20,excitatory
ExtraTrees,2,0.8777777777777779,0.09762614505106133,0.885,0.08,0.8756132756132755,0.0985239286273102,20,excitatory
ExtraTrees,5,0.8600000000000001,0.14966629547095767,0.8733333333333334,0.12719189352225943,0.8547979797979798,0.1560761327309338,20,excitatory
ExtraTrees,40,0.8600000000000001,0.10198039027185571,0.8633333333333335,0.10349449797506685,0.851995226995227,0.11221793162760692,20,excitatory
LogisticRegression,40,0.857777777777778,0.10120264477098401,0.8600000000000001,0.10198039027185571,0.849975024975025,0.11144196508040961,20,excitatory
ExtraTrees,10,0.8400000000000001,0.10198039027185571,0.8466666666666667,0.1002219758558194,0.8338639138639138,0.11034452518175016,20,excitatory
ExtraTrees,40,0.7336898395721925,0.09306349372180185,0.8192207792207793,0.06281272258699418,0.6945909539017394,0.08380543545286748,22,__NA__
RandomForest,20,0.7454545454545455,0.0847116888843299,0.7982010582010581,0.09950860294911501,0.7009251956688392,0.10946242160980339,22,__NA__
RandomForest,40,0.7397504456327987,0.05949489935215197,0.7841558441558442,0.06972026959515812,0.6833671739735813,0.057727145370083666,22,__NA__
ExtraTrees,20,0.7160427807486631,0.12404111900902115,0.7519191919191919,0.05465123655053678,0.6591911230078125,0.10651415923466108,22,__NA__
ExtraTrees,10,0.7215686274509803,0.0675261778734218,0.7405291005291004,0.09936942173266622,0.6561529837145175,0.07536401095733218,22,__NA__
LogisticRegression,3,0.674331550802139,0.06003611636657191,0.7384992784992785,0.09849187694901723,0.6282188484362398,0.08067661006102642,22,__NA__
LogisticRegression,40,0.7452762923351159,0.07905360051476149,0.7384126984126984,0.07905695928279667,0.6824971127986996,0.08511050142162885,22,__NA__
RandomForest,10,0.7513368983957219,0.048483537782430496,0.7338239538239539,0.14137867185151837,0.6701316595704114,0.09035655633426787,22,__NA__
ExtraTrees,3,0.650445632798574,0.06810668911948405,0.7191053391053391,0.10032461879571639,0.6085511805480845,0.0923763516342713,22,__NA__
LogisticRegression,5,0.697860962566845,0.03769958659254455,0.704906204906205,0.14573761492639975,0.6219594308585211,0.09147425537217067,22,__NA__
LogisticRegression,10,0.7221033868092691,0.05020412956012662,0.6914862914862915,0.10346137202256842,0.62874632644516,0.06448766547837245,22,__NA__
LogisticRegression,20,0.727807486631016,0.05991691655798629,0.6871572871572871,0.09128299844137067,0.6384560899817578,0.06903910573659294,22,__NA__
RandomForest,3,0.662566844919786,0.09276803377253713,0.6593073593073593,0.1902272290605558,0.5928619835623536,0.1321716429578576,22,__NA__
RandomForest,5,0.6923351158645277,0.07087080409849589,0.6566907166907168,0.18146026701120685,0.6074312605801431,0.1134513817927024,22,__NA__
ExtraTrees,5,0.6745098039215687,0.03245675560244481,0.6557383357383356,0.11153756026777642,0.5940129891893408,0.05522734468608613,22,__NA__
RandomForest,2,0.6563279857397505,0.0688264817667226,0.6197691197691197,0.18568191595855899,0.5698316096889257,0.12233979813299137,22,__NA__
LogisticRegression,2,0.6032085561497327,0.07302158128963467,0.6176238576238576,0.15547180442013972,0.5517372192476513,0.09303848125437003,22,__NA__
ExtraTrees,2,0.561319073083779,0.09656878168463616,0.5968638768638769,0.15832737211387696,0.5162303605501931,0.10820041317106076,22,__NA__
LogisticRegression,1,0.4971479500891266,0.057662611156772264,0.5421548821548821,0.0981373039996394,0.47250184219493685,0.034554731986242995,22,__NA__
RandomForest,1,0.5620320855614974,0.11701825149543059,0.4863588263588263,0.1465668391328734,0.4860681443138706,0.09904267579994669,22,__NA__
ExtraTrees,1,0.4672014260249554,0.07603576896888813,0.3935257335257335,0.09295408952780547,0.4206734690430343,0.05706227801046984,22,__NA__
ExtraTrees,40,0.902923976608187,0.04165614928305991,0.8646886446886448,0.06751258589813128,0.8736604136604136,0.0565517757899864,3,excitatory
LogisticRegression,40,0.8807017543859649,0.08894658023188695,0.8554945054945055,0.12633635379630292,0.8482403522403523,0.11987452346338003,3,excitatory
RandomForest,10,0.8923976608187134,0.04848513994894531,0.8542124542124542,0.07510202732580781,0.8599089926676132,0.06835688709232213,3,excitatory
RandomForest,40,0.902923976608187,0.06285937682706562,0.8518315018315018,0.08992595659260598,0.8699197226783433,0.08529736530361148,3,excitatory
ExtraTrees,2,0.9035087719298247,0.03914198954545383,0.8518315018315018,0.07077961989282068,0.8693858287306563,0.05696555990608223,3,excitatory
RandomForest,20,0.8923976608187134,0.04848513994894531,0.8446886446886446,0.07857522809874479,0.8571251098837305,0.06783653464690781,3,excitatory
LogisticRegression,20,0.8608187134502924,0.05355269344300857,0.843992673992674,0.061888763999129855,0.8327598327598327,0.059753519307966844,3,excitatory
ExtraTrees,3,0.8824561403508773,0.06266867052453247,0.8380952380952381,0.10368494053344506,0.8409000884173297,0.0906311274802302,3,excitatory
LogisticRegression,2,0.8608187134502924,0.04041439191385027,0.8355677655677656,0.05380432453680081,0.8267980295566503,0.04179595962387392,3,excitatory
LogisticRegression,10,0.8286549707602339,0.062043448935086974,0.834871794871795,0.10106973885290989,0.7970702630702631,0.08340534725252385,3,excitatory
LogisticRegression,3,0.8608187134502924,0.07130187555033396,0.8327838827838828,0.10266374019502977,0.8213886981473187,0.0943013330453191,3,excitatory
LogisticRegression,5,0.8403508771929824,0.08813934517249453,0.8308058608058608,0.10191819115553707,0.8080214727800934,0.10377682662703355,3,excitatory
ExtraTrees,20,0.8707602339181285,0.06570559955643572,0.8298534798534798,0.10251621069191152,0.8313371813371813,0.09415526363623261,3,excitatory
RandomForest,3,0.8602339181286549,0.05380116959064325,0.8193772893772895,0.06054174955293097,0.8226725254311461,0.06701075604219263,3,excitatory
RandomForest,2,0.8707602339181285,0.042989417425705494,0.8164468864468866,0.05516444599972671,0.8312418615866892,0.05654145517141386,3,excitatory
ExtraTrees,10,0.8608187134502924,0.07130187555033399,0.8109523809523809,0.09851044812618955,0.8165083192669398,0.09323991251615708,3,excitatory
RandomForest,5,0.8397660818713449,0.056679912030238255,0.786043956043956,0.06270152873023177,0.7940589168175375,0.06857843960048646,3,excitatory
ExtraTrees,5,0.8292397660818713,0.06866303986374017,0.7761172161172161,0.07576935251508504,0.7809083636669845,0.08333696254662998,3,excitatory
RandomForest,1,0.795906432748538,0.038454461339821285,0.7609157509157509,0.06969047135312789,0.7491366870677215,0.059499005143842446,3,excitatory
LogisticRegression,1,0.7549707602339181,0.11068555007551792,0.7463003663003663,0.11306817163622435,0.7211376956376957,0.11743975013065322,3,excitatory
ExtraTrees,1,0.7859649122807018,0.06388470686327413,0.7358241758241757,0.09083293403588236,0.7324973544973545,0.08374386208274727,3,excitatory
LogisticRegression,1,0.9666666666666666,0.04082482904638632,0.9818181818181818,0.022268088570756142,0.9238095238095237,0.09331389496316868,4,inhibitory
LogisticRegression,2,0.9666666666666666,0.04082482904638632,0.9818181818181818,0.022268088570756142,0.9238095238095237,0.09331389496316868,4,inhibitory
LogisticRegression,3,0.9666666666666666,0.04082482904638632,0.9818181818181818,0.022268088570756142,0.9238095238095237,0.09331389496316868,4,inhibitory
LogisticRegression,5,0.95,0.06666666666666667,0.9727272727272727,0.03636363636363633,0.9019047619047619,0.12503423567448618,4,inhibitory
RandomForest,5,0.9818181818181818,0.036363636363636376,0.9,0.2,0.8952380952380953,0.20952380952380953,4,inhibitory
LogisticRegression,10,0.9818181818181818,0.036363636363636376,0.9,0.2,0.8952380952380953,0.20952380952380953,4,inhibitory
ExtraTrees,1,0.9666666666666666,0.04082482904638632,0.890909090909091,0.1962457558629355,0.8575569358178055,0.203490917093172,4,inhibitory
ExtraTrees,2,0.9651515151515151,0.04274768478686633,0.890909090909091,0.1962457558629355,0.8571428571428571,0.20426295799549732,4,inhibitory
RandomForest,3,0.9651515151515151,0.04274768478686633,0.890909090909091,0.1962457558629355,0.8571428571428571,0.20426295799549732,4,inhibitory
ExtraTrees,3,0.9651515151515151,0.04274768478686633,0.890909090909091,0.1962457558629355,0.8571428571428571,0.20426295799549732,4,inhibitory
RandomForest,1,0.95,0.04082482904638632,0.8818181818181818,0.19198829165402614,0.8194616977225673,0.19068491579430125,4,inhibitory
RandomForest,2,0.9484848484848485,0.04215281134316231,0.8818181818181818,0.19198829165402614,0.819047619047619,0.19142620230706459,4,inhibitory
ExtraTrees,5,0.9651515151515151,0.04274768478686633,0.8,0.2449489742783178,0.7908902691511387,0.256106907279748,4,inhibitory
RandomForest,10,0.9651515151515151,0.04274768478686633,0.8,0.2449489742783178,0.7908902691511387,0.256106907279748,4,inhibitory
LogisticRegression,40,0.9484848484848485,0.06748805288278813,0.7909090909090909,0.2564861087211979,0.7861471861471861,0.26200456042853665,4,inhibitory
LogisticRegression,20,0.9318181818181819,0.06283770107069006,0.7818181818181819,0.24962782214083604,0.7480519480519481,0.24115934695831945,4,inhibitory
ExtraTrees,10,0.9484848484848485,0.04215281134316231,0.7,0.2449489742783178,0.6865424430641822,0.25593814005981563,4,inhibitory
RandomForest,40,0.9484848484848485,0.04215281134316231,0.7,0.2449489742783178,0.6865424430641822,0.25593814005981563,4,inhibitory
RandomForest,20,0.9318181818181817,0.03421693875950369,0.6,0.20000000000000004,0.5821946169772256,0.20890423045024895,4,inhibitory
ExtraTrees,20,0.915151515151515,0.0030303030303030277,0.5,0.0,0.47784679089026916,0.0008281573498964967,4,inhibitory
ExtraTrees,40,0.915151515151515,0.0030303030303030277,0.5,0.0,0.47784679089026916,0.0008281573498964967,4,inhibitory
LogisticRegression,20,1.0,0.0,1.0,0.0,1.0,0.0,5,excitatory
LogisticRegression,1,0.9875,0.024999999999999998,0.9888888888888889,0.022222222222222233,0.987450980392157,0.025098039215686273,5,excitatory
RandomForest,1,0.9875,0.024999999999999998,0.9888888888888889,0.022222222222222233,0.987450980392157,0.025098039215686273,5,excitatory
ExtraTrees,1,0.9875,0.024999999999999998,0.9888888888888889,0.022222222222222233,0.987450980392157,0.025098039215686273,5,excitatory
LogisticRegression,2,0.9875,0.024999999999999998,0.9888888888888889,0.022222222222222233,0.987450980392157,0.025098039215686273,5,excitatory
RandomForest,2,0.9875,0.024999999999999998,0.9888888888888889,0.022222222222222233,0.987450980392157,0.025098039215686273,5,excitatory
ExtraTrees,2,0.9875,0.024999999999999998,0.9888888888888889,0.022222222222222233,0.987450980392157,0.025098039215686273,5,excitatory
LogisticRegression,3,0.9875,0.024999999999999998,0.9888888888888889,0.022222222222222233,0.987450980392157,0.025098039215686273,5,excitatory
RandomForest,3,0.9875,0.024999999999999998,0.9888888888888889,0.022222222222222233,0.987450980392157,0.025098039215686273,5,excitatory
ExtraTrees,3,0.9875,0.024999999999999998,0.9888888888888889,0.022222222222222233,0.987450980392157,0.025098039215686273,5,excitatory
LogisticRegression,5,0.9875,0.024999999999999998,0.9888888888888889,0.022222222222222233,0.987450980392157,0.025098039215686273,5,excitatory
RandomForest,5,0.9875,0.024999999999999998,0.9888888888888889,0.022222222222222233,0.987450980392157,0.025098039215686273,5,excitatory
ExtraTrees,5,0.9875,0.024999999999999998,0.9888888888888889,0.022222222222222233,0.987450980392157,0.025098039215686273,5,excitatory
LogisticRegression,10,0.9875,0.024999999999999998,0.9888888888888889,0.022222222222222233,0.987450980392157,0.025098039215686273,5,excitatory
RandomForest,10,0.9875,0.024999999999999998,0.9888888888888889,0.022222222222222233,0.987450980392157,0.025098039215686273,5,excitatory
ExtraTrees,10,0.9875,0.024999999999999998,0.9888888888888889,0.022222222222222233,0.987450980392157,0.025098039215686273,5,excitatory
RandomForest,20,0.9875,0.024999999999999998,0.9888888888888889,0.022222222222222233,0.987450980392157,0.025098039215686273,5,excitatory
RandomForest,40,0.9875,0.024999999999999998,0.9888888888888889,0.022222222222222233,0.987450980392157,0.025098039215686273,5,excitatory
ExtraTrees,20,0.9882352941176471,0.02352941176470589,0.9857142857142858,0.02857142857142856,0.9875457875457876,0.02490842490842491,5,excitatory
LogisticRegression,40,0.9882352941176471,0.02352941176470589,0.9857142857142858,0.02857142857142856,0.9875457875457876,0.02490842490842491,5,excitatory
ExtraTrees,40,0.9764705882352942,0.04705882352941178,0.9714285714285715,0.05714285714285712,0.9742424242424242,0.051515151515151514,5,excitatory
ExtraTrees,40,0.7313725490196077,0.061812237477317074,0.711111111111111,0.06849348892187755,0.6941889591889592,0.08041084815465475,6,excitatory
RandomForest,3,0.7189542483660131,0.03573914539736554,0.7082539682539684,0.028437073874995163,0.7003278203278204,0.03279119695317205,6,excitatory
RandomForest,5,0.7071895424836601,0.058078065075877296,0.6933333333333332,0.051925873091324105,0.6731522181522182,0.06755948134371721,6,excitatory
ExtraTrees,20,0.6973856209150326,0.03994956023512712,0.6733333333333332,0.04745368112013915,0.6562496762496762,0.055302860926123375,6,excitatory
LogisticRegression,20,0.6856209150326797,0.04242831991403262,0.6714285714285715,0.03346158245854317,0.660929810929811,0.04260551252994834,6,excitatory
LogisticRegression,1,0.6745098039215687,0.06284713924834309,0.6638095238095238,0.07130076749730124,0.6451874051874051,0.08823205071532772,6,excitatory
LogisticRegression,5,0.6751633986928105,0.09937220167318705,0.6549206349206348,0.09353826976864964,0.6326434676434676,0.10716719022115968,6,excitatory
RandomForest,2,0.6627450980392158,0.05030557230037607,0.6504761904761904,0.04880429704883415,0.6448433048433049,0.03973494693824114,6,excitatory
RandomForest,40,0.662091503267974,0.05532825473220471,0.6504761904761904,0.05829007142133088,0.6194069764658,0.07146928986065354,6,excitatory
ExtraTrees,5,0.673202614379085,0.09914410086398047,0.6488888888888888,0.09752492558885192,0.6302380952380952,0.09894334556474156,6,excitatory
RandomForest,10,0.6633986928104576,0.030235381715608824,0.646031746031746,0.031137015454575787,0.6327981277981278,0.03216816977756673,6,excitatory
ExtraTrees,10,0.6633986928104576,0.0463545705267899,0.6422222222222221,0.049391357268650814,0.6182211252799488,0.06816888085179212,6,excitatory
LogisticRegression,10,0.6627450980392157,0.0360011486377004,0.6393650793650794,0.032271836070731495,0.6083374033374034,0.05320351746464998,6,excitatory
ExtraTrees,2,0.6509803921568628,0.0471041901875222,0.6311111111111112,0.04838120234906052,0.6267147667147668,0.046591223161625374,6,excitatory
ExtraTrees,3,0.6522875816993464,0.036542903917632305,0.6288888888888888,0.03624334762288904,0.6185236985236984,0.036801162243376616,6,excitatory
LogisticRegression,40,0.6300653594771243,0.07169907829383682,0.6196825396825397,0.06817344825970775,0.617051837051837,0.06474684044850451,6,excitatory
RandomForest,20,0.6405228758169934,0.025059201977360505,0.6193650793650793,0.03313470677623217,0.6084624634624635,0.02313608437569685,6,excitatory
LogisticRegression,3,0.6183006535947712,0.06253368522805224,0.6009523809523809,0.07341231231129701,0.585966625966626,0.08088775852636056,6,excitatory
LogisticRegression,2,0.6065359477124183,0.06154211715729851,0.5898412698412698,0.07355631597664083,0.5776027676027675,0.08184248480185788,6,excitatory
RandomForest,1,0.5947712418300654,0.05947353289452194,0.583174603174603,0.04940155851156042,0.5637799237799237,0.07028577457939605,6,excitatory
ExtraTrees,1,0.5607843137254902,0.06233526283694834,0.5431746031746032,0.06029573543598412,0.5409657009657011,0.061389290160422334,6,excitatory
RandomForest,10,0.7013513513513513,0.042533591474280666,0.6642707292707293,0.059554593475586025,0.6442862556833144,0.06664507423751727,8,excitatory
RandomForest,40,0.6959459459459458,0.056381331397953705,0.64996336996337,0.06794274587486082,0.6437109065398539,0.06844591413206241,8,excitatory
RandomForest,20,0.6905405405405405,0.04118167267606588,0.6454179154179155,0.05782062398193332,0.6380333128630342,0.060342824246208134,8,excitatory
RandomForest,5,0.6738738738738739,0.0336704806742702,0.6434332334332333,0.03780702654130227,0.6226356489514384,0.04500402086121651,8,excitatory
LogisticRegression,5,0.6740240240240241,0.03675582444007899,0.6293922743922744,0.05552910371467818,0.6204725123804071,0.049661100197702465,8,excitatory
ExtraTrees,5,0.6683183183183183,0.05071297704014731,0.6293706293706294,0.0670927846637718,0.6197862298520194,0.06476695581532543,8,excitatory
RandomForest,3,0.6626126126126126,0.04311845943312711,0.6210739260739262,0.05207659316840435,0.6121088417373246,0.057784418513209417,8,excitatory
ExtraTrees,10,0.6573573573573575,0.0383768040017886,0.6169813519813521,0.06289308500903518,0.6076230144124881,0.051077330971110745,8,excitatory
ExtraTrees,20,0.6570570570570571,0.05054599133048954,0.6162820512820513,0.06718077198495773,0.6094001831501832,0.06342534526130121,8,excitatory
ExtraTrees,40,0.6572072072072073,0.052855412168446816,0.6096520146520146,0.07632223497943687,0.6003133222986163,0.07367853456802054,8,excitatory
LogisticRegression,3,0.634984984984985,0.06356052896053213,0.5922061272061272,0.064782380540353,0.5701473061109285,0.07462571269572554,8,excitatory
LogisticRegression,10,0.6295795795795796,0.03965954091378008,0.5827106227106227,0.06010467493536117,0.576890978302743,0.05681732900872204,8,excitatory
ExtraTrees,2,0.624024024024024,0.039911141370697685,0.5802214452214453,0.044019629221050086,0.562758903024955,0.05228664751329996,8,excitatory
ExtraTrees,3,0.6183183183183183,0.056294493255306714,0.5783599733599734,0.056339219756303315,0.5588588553116416,0.06411583791421555,8,excitatory
ExtraTrees,1,0.6238738738738739,0.04447334909449232,0.573967698967699,0.058419174350387314,0.5606430602134936,0.05302043805668128,8,excitatory
RandomForest,2,0.6181681681681682,0.05946325100902995,0.5697885447885447,0.06540577787485044,0.5513832916596074,0.071305268187623,8,excitatory
LogisticRegression,20,0.6073573573573573,0.04358753085251319,0.5533275058275058,0.04696851044182569,0.5498009768009768,0.04467241888043828,8,excitatory
LogisticRegression,2,0.5905405405405405,0.06470513365946676,0.542898767898768,0.07429312040490497,0.5163747877795866,0.08249922217974047,8,excitatory
LogisticRegression,40,0.5801801801801802,0.03107564038205626,0.5313519813519814,0.039165681666022426,0.529919392837013,0.03823607797635743,8,excitatory
RandomForest,1,0.5797297297297298,0.047213568101815796,0.5282559107559107,0.05563424454863961,0.5158839469210987,0.05043885640744071,8,excitatory
LogisticRegression,1,0.5521021021021021,0.050582106920644604,0.5114568764568764,0.07467833245789236,0.4476683491660272,0.05674768282177863,8,excitatory
RandomForest,40,0.7822222222222222,0.008888888888888901,0.6714285714285715,0.13894188331376364,0.6321428571428571,0.09738284431739988,9,inhibitory
ExtraTrees,1,0.76,0.11012899282990103,0.5821428571428571,0.20681932862737357,0.543531746031746,0.16722052718345987,9,inhibitory
ExtraTrees,2,0.6955555555555556,0.08243216440440625,0.5464285714285715,0.13894188331376364,0.4855672268907563,0.10250653396925873,9,inhibitory
RandomForest,1,0.671111111111111,0.10460979818613174,0.5303571428571429,0.20152479970951265,0.48438339438339445,0.1278521590309886,9,inhibitory
RandomForest,20,0.7355555555555556,0.11640711869963373,0.5214285714285715,0.1650796035559938,0.5354271708683473,0.17452510768691246,9,inhibitory
ExtraTrees,20,0.7355555555555556,0.11640711869963373,0.5214285714285715,0.1650796035559938,0.5354271708683473,0.17452510768691246,9,inhibitory
RandomForest,5,0.6733333333333333,0.12244424279071921,0.5214285714285715,0.2092869331997659,0.4990384615384616,0.15708843098054356,9,inhibitory
RandomForest,2,0.6266666666666667,0.11958776930732189,0.5071428571428571,0.1316351249570151,0.44035742035742037,0.07745211513202127,9,inhibitory
ExtraTrees,40,0.7377777777777778,0.058626248703435226,0.48392857142857143,0.10509956406830116,0.4721031746031746,0.10487064462376726,9,inhibitory
RandomForest,10,0.6711111111111112,0.20142700788666063,0.4821428571428571,0.19157976438666216,0.48876050420168066,0.17331219745964732,9,inhibitory
LogisticRegression,2,0.5666666666666667,0.08888888888888888,0.4714285714285714,0.1619397721250662,0.4116483516483516,0.0638710208614277,9,inhibitory
LogisticRegression,1,0.5644444444444443,0.10095837059200485,0.46785714285714286,0.14180415497208443,0.40941724941724944,0.0687734822752011,9,inhibitory
LogisticRegression,20,0.6755555555555555,0.057262661007667234,0.44642857142857145,0.06211616832473602,0.4322619047619048,0.048022693992757166,9,inhibitory
LogisticRegression,10,0.6288888888888888,0.09312145262114205,0.42142857142857143,0.12090222057007684,0.42153846153846153,0.09612614985731269,9,inhibitory
ExtraTrees,10,0.6266666666666667,0.1706342561817997,0.4196428571428571,0.1612095543327481,0.42642857142857143,0.14484949965747348,9,inhibitory
RandomForest,3,0.611111111111111,0.1721325931647741,0.41071428571428575,0.16761000043224739,0.41988095238095235,0.14420573769646097,9,inhibitory
ExtraTrees,5,0.6733333333333332,0.12244424279071922,0.41071428571428575,0.08432656395083997,0.3988914027149321,0.047886268227890896,9,inhibitory
LogisticRegression,3,0.5866666666666667,0.12927146286443544,0.39642857142857146,0.12145482909379965,0.39476190476190476,0.08682351061472264,9,inhibitory
LogisticRegression,40,0.6333333333333332,0.09686442096757052,0.38392857142857145,0.05841224012070044,0.3855952380952381,0.03646900961270432,9,inhibitory
LogisticRegression,5,0.5666666666666667,0.08888888888888888,0.3821428571428572,0.08268454930564446,0.38307692307692315,0.04791813652716183,9,inhibitory
ExtraTrees,3,0.611111111111111,0.17213259316477408,0.3732142857142857,0.11085820139406255,0.3716666666666667,0.07175382297209754,9,inhibitory
LogisticRegression,40,0.6061593954360452,0.01382589813512727,0.609749851859358,0.03772591255886146,0.5425509357831564,0.03390134263989641,__NA__,__NA__
ExtraTrees,40,0.540230712946449,0.015623782350945144,0.5876463240837962,0.022937077950968845,0.4584789123193219,0.031837153592069595,__NA__,__NA__
RandomForest,40,0.5047348744683771,0.009201100382804731,0.5762636647127609,0.010465571022695378,0.45335787867617244,0.019523836223329708,__NA__,__NA__
LogisticRegression,20,0.5331349750765995,0.017330416682497907,0.5644628007928466,0.034707437753664055,0.4864248840895581,0.023678821062476953,__NA__,__NA__
ExtraTrees,20,0.48512198746970314,0.011320632196161444,0.5545745898277274,0.021668809553536696,0.4212125887796909,0.025613499582832544,__NA__,__NA__
RandomForest,20,0.46451330772396765,0.017745087547297964,0.5448927925482195,0.017840548628304014,0.41468218302887916,0.02153021927700551,__NA__,__NA__
LogisticRegression,10,0.4296885718205516,0.024664099086091067,0.49640709351129564,0.02688690744846847,0.40179198328741117,0.012817452606196031,__NA__,__NA__
RandomForest,10,0.4090507385558147,0.018408482436833667,0.47524238019635934,0.018767537498319945,0.36517082896647984,0.021370260857650234,__NA__,__NA__
ExtraTrees,10,0.40432329537659484,0.02140033103349434,0.4740965985573518,0.017735454147283565,0.3404787515941233,0.01196029465630589,__NA__,__NA__
ExtraTrees,5,0.25184124479809766,0.04645357608485969,0.3978409111197308,0.022507631757998435,0.2601658508118235,0.021076104613412163,__NA__,__NA__
RandomForest,5,0.26705309370283986,0.037664335509923534,0.39361914810660625,0.010834221928329427,0.27822465700037263,0.02857996322353683,__NA__,__NA__
LogisticRegression,5,0.2427213380893584,0.048001452170223516,0.37879651078580584,0.012801638041734465,0.27340186837823166,0.02817742738892474,__NA__,__NA__
LogisticRegression,3,0.1291426578863127,0.0048848164867426975,0.31005879030398986,0.016717918381237984,0.18806680706708115,0.017352981887304886,__NA__,__NA__
ExtraTrees,3,0.15078028536150362,0.00725903813627852,0.3028559208853567,0.029798406817666837,0.18288730382148405,0.031857635163325765,__NA__,__NA__
RandomForest,3,0.1541518040883523,0.011936337444227589,0.29560676110222905,0.02637736284056532,0.19690509315796906,0.02039576444423159,__NA__,__NA__
ExtraTrees,2,0.110576439383546,0.03558234154202383,0.23291089828925102,0.03035758969477891,0.13313017693185347,0.03553156373480428,__NA__,__NA__
LogisticRegression,2,0.09094411670553801,0.009564261038809998,0.2322259518461514,0.030825032367982366,0.12978644181673216,0.017731157086877124,__NA__,__NA__
RandomForest,2,0.10279759454886359,0.031415314351937645,0.21681299009293098,0.033814602310303664,0.13907701508953935,0.03294410997433049,__NA__,__NA__
LogisticRegression,1,0.06929677139068001,0.012568901361602377,0.16875927661695736,0.03048526877491292,0.08550367868411027,0.00828029431742186,__NA__,__NA__
RandomForest,1,0.07708419078977455,0.013145451591257556,0.14445809165224058,0.013085553589183537,0.08912225207065735,0.004580062726371866,__NA__,__NA__
ExtraTrees,1,0.07437177024740475,0.011545701780080036,0.12835298983621532,0.04684005160139171,0.07708960447916927,0.02486605649521154,__NA__,__NA__
