Unnamed: 0,Datasets,volume,center_x,center_y,MERFISH_cell_type_annotation,Region,Excitatory_vs_Inhibitory,Segment,Gender,Mouse_ID,AP_position,Section_ID,Pmfbp1,Sema7a,Cck,Adcyap1r1,Drd5,Gabrb3,Pcdhb21,Lhx9,Ntrk3,Pomc,Htr4,Grik1,Nrgn,Chrna6,Spr,Prox1,Cyp27a1,Sst,Pcdhgb2,Dpy19l1,Nmu,Hcrtr1,Pcdha1,Agtr1b,Sstr2,Adra1b,Dlk1,Pax2,Crhr1,Drd1,Calcb,Ctss,Pcdha9,Htr1d,Sema6d,Gabrg3,Chrnb2,Cdh19,Pcdhb9,Gpc3,Pmp22,Onecut2,Pth1r,Penk,Pcdhb12,Rorb,Esrrg,Ccn2,Sema6c,Pcdha7,Npffr2,Pvalb,Sema4d,Ghsr,Htr2a,Pcdhgb5,Uts2r,Pcdhb16,Bnc2,Pcdhga11,P2ry1,Pcdhb18,Farp2,Rnf220,Pcdhga12,Prkcg,Vgf,Plxna1,Pcdhb19,Notch2,Plxnd1,P2rx7,Adra2a,Pcdhga8,Pitx2,Pcdhga9,Pcdhb3,Gabra1,Gabrq,Adamts2,Trem2,Hrh2,P2rx6,Sema5b,Pcdha11,Nrp1,Gad2,Pcdhgb4,Sema4c,Ramp2,Plxnb2,Pdzrn3,Plxnc1,Pcdhb11,Pcdhgc5,Jag2,Ptgds,Mc4r,Gabrg2,Pcdhga10,Dll1,Tnr,Pts,Cckar,Pcdhga6,Sstr3,Grid1,Tac1,Grik5,Plxnb1,Calb1,Npas4,Fosb,P2rx3,Grik3,Zfhx3,Chat,Oprm1,Chrm3,Chrm4,Pkd2l1,Hrh1,Chrna7
2656143800028100205,20240328,3047.606689,1845.720172,2831.408489,MV_in_Gabra1,4.0,inhibitory,16.0,male,M3,1,0328_M3_C,0,3,0,0,0,0,0,0,2,0,0,0,0,0,1,0,0,0,0,2,0,0,1,1,0,1,1,2,1,0,0,0,0,0,4,0,2,0,0,0,0,0,0,0,0,0,0,0,0,0,0,1,0,0,1,0,0,0,2,0,0,0,0,6,0,0,1,2,0,0,0,0,0,0,0,1,0,0,0,0,0,1,0,0,0,1,2,0,0,0,0,0,0,0,0,2,1,0,0,0,0,0,1,0,1,2,0,0,2,0,0,0,0,0,5,2,0,1,0,0,0,0,0
2656143800104100155,20240328,2810.005127,2242.087318,3589.600656,MV_in_Gabra1,4.0,inhibitory,16.0,male,M3,1,0328_M3_C,0,3,0,3,0,0,0,0,4,0,0,6,0,0,0,0,0,0,0,0,0,0,0,0,1,2,0,4,0,0,0,0,0,0,5,0,4,0,0,0,0,0,0,0,0,2,2,0,2,0,0,7,1,0,0,0,0,0,0,0,0,0,1,12,0,0,0,3,0,0,0,0,0,1,0,1,0,0,0,0,0,0,0,2,0,0,7,1,0,0,0,0,0,0,0,1,0,0,2,0,0,1,0,0,0,0,4,0,4,0,0,0,0,0,5,1,0,0,0,0,0,0,1
2656143800129100070,20240328,2713.034668,2320.000865,3798.773196,MV_in_Gabra1,4.0,inhibitory,16.0,male,M3,1,0328_M3_C,0,1,0,4,0,0,0,0,0,0,0,0,0,1,0,0,0,0,0,0,0,0,0,0,0,1,2,0,0,0,0,0,0,0,1,0,0,0,0,0,0,1,0,1,0,0,1,0,0,1,0,1,0,0,0,0,0,0,0,1,0,1,0,5,0,0,0,1,0,1,0,1,0,0,0,0,0,2,0,0,0,0,0,0,0,0,0,0,0,0,0,0,0,0,0,0,3,0,1,0,0,0,0,0,0,0,0,0,4,0,0,0,0,0,0,0,0,0,0,0,0,0,0
2656143800129100204,20240328,1910.842163,2269.743056,3954.492828,MV_in_Gabra1,4.0,inhibitory,16.0,male,M3,1,0328_M3_C,0,4,0,1,1,1,0,0,2,0,0,1,0,0,0,0,0,0,0,0,1,0,0,0,0,0,1,3,0,0,0,0,0,0,3,0,0,0,0,0,0,0,1,0,0,0,2,0,0,0,0,4,0,0,0,0,0,0,1,0,0,0,0,4,0,0,6,0,0,0,0,0,1,0,0,0,0,0,0,0,0,0,0,1,0,1,3,0,0,0,0,0,0,0,0,1,0,0,0,1,0,1,0,0,0,0,0,0,3,0,0,0,0,0,4,1,0,0,1,0,0,0,0
2656143800215100127,20240328,1231.395264,5373.756704,4696.910501,MV_in_Gabra1,4.0,inhibitory,16.0,male,M3,4,0328_M3_T,0,0,0,1,0,0,0,0,0,0,0,0,0,0,0,1,0,0,0,0,0,0,0,0,0,0,0,1,0,0,0,0,0,0,0,1,2,0,0,0,0,0,2,0,0,0,1,0,1,0,0,0,0,0,0,1,0,0,0,0,0,0,0,1,0,0,0,0,0,0,0,0,0,0,0,0,0,1,0,0,0,0,1,0,0,0,1,0,0,0,0,0,1,0,0,4,0,0,0,0,0,0,0,0,0,0,5,0,1,0,0,0,0,0,0,0,0,0,0,0,0,0,0
2656143800216100204,20240328,3215.483398,5623.500013,4777.974195,MV_in_Gabra1,4.0,inhibitory,16.0,male,M3,4,0328_M3_T,0,2,0,0,0,1,0,0,3,0,0,1,0,0,0,0,0,1,0,0,0,0,0,0,0,0,2,1,3,0,1,0,0,0,1,0,4,0,0,0,0,1,0,0,0,0,0,1,0,0,0,10,0,0,0,0,0,0,0,0,0,0,0,5,0,0,1,2,0,1,0,0,0,0,0,0,0,0,0,0,0,0,0,0,0,0,0,0,0,0,1,0,1,0,0,1,1,0,1,0,0,1,0,0,0,0,0,0,2,0,0,0,0,0,0,0,0,0,0,0,1,0,0
2656143800392100081,20240328,2288.664307,5914.809964,6639.609396,MV_in_Gabra1,4.0,inhibitory,16.0,male,M3,2,0328_M3_L,0,0,0,1,0,0,0,0,0,0,0,0,0,0,0,0,0,0,0,0,0,0,0,0,0,0,0,1,0,0,0,0,0,0,0,0,1,0,0,0,0,0,0,0,0,0,1,0,0,0,0,4,1,0,0,0,0,0,0,0,0,0,1,1,0,0,3,0,1,0,0,0,0,0,0,1,0,0,0,1,0,0,0,1,0,0,1,0,0,0,0,0,0,0,0,0,0,0,0,0,0,0,0,0,0,0,2,0,2,0,0,0,0,0,0,2,0,0,0,0,0,0,0
2656143800392100262,20240328,2381.132324,5952.840911,6813.028885,MV_in_Gabra1,4.0,inhibitory,16.0,male,M3,2,0328_M3_L,0,2,0,3,0,0,0,0,1,1,0,1,0,0,0,0,0,0,0,0,0,2,0,0,0,0,0,2,0,0,0,0,0,0,0,1,3,0,1,0,2,0,0,0,0,0,0,0,0,0,0,7,1,0,0,0,0,2,0,1,0,0,1,2,0,0,4,0,0,2,0,0,0,0,0,0,0,1,0,0,0,1,0,0,0,1,3,0,0,0,2,0,0,0,0,0,3,0,1,0,0,3,0,1,0,0,4,0,0,1,0,0,0,0,2,0,0,0,0,0,0,0,0
2656143800392100281,20240328,1764.333008,5821.018175,6831.627534,MV_in_Gabra1,4.0,inhibitory,16.0,male,M3,2,0328_M3_L,0,1,0,1,0,1,0,0,3,0,0,2,0,0,0,0,0,0,0,0,0,0,0,0,0,0,0,0,0,0,0,0,0,0,2,0,1,0,0,0,0,0,0,0,0,0,4,0,0,0,0,16,0,0,0,0,0,0,0,0,0,0,0,6,0,1,3,0,0,0,0,0,0,0,0,0,0,0,0,2,0,0,0,0,0,0,3,0,0,0,0,1,0,0,0,1,0,0,0,0,0,1,0,0,0,0,1,0,5,0,0,0,0,0,1,0,0,0,0,0,0,0,0
2656143800393100200,20240328,2330.426758,6004.138534,6795.470001,MV_in_Gabra1,4.0,inhibitory,16.0,male,M3,2,0328_M3_L,0,3,0,2,0,0,0,0,2,0,0,4,0,0,1,0,0,0,0,0,0,0,0,0,0,0,1,1,0,0,0,0,0,0,1,0,3,0,0,0,0,0,0,0,0,0,1,0,0,0,1,8,0,0,0,0,0,0,0,1,0,0,0,5,0,0,1,0,0,0,0,0,0,1,0,1,0,0,0,0,0,0,0,0,0,0,0,0,0,0,0,0,0,0,0,1,0,0,1,0,0,1,0,0,0,0,0,0,0,0,0,0,0,0,1,0,0,0,0,0,0,0,0
2656144300062100048,20240328,1761.427979,12394.82815,10832.54406,MV_in_Gabra1,4.0,inhibitory,16.0,female,F2,1,0328_F2_C,0,0,0,0,0,0,0,0,0,0,0,0,0,0,0,0,0,0,1,0,0,0,0,0,0,0,0,1,0,0,0,0,0,0,0,0,0,0,0,0,0,0,0,3,0,0,1,0,0,0,0,2,0,0,0,0,0,0,0,0,0,0,1,2,0,0,3,0,0,0,0,0,0,0,0,0,0,0,0,1,0,0,0,0,0,0,0,0,0,0,0,0,0,0,0,0,0,0,0,0,0,0,1,0,0,0,1,0,0,0,0,0,0,1,0,0,0,0,0,0,0,0,1
2656144300164100142,20240328,1217.745361,8864.472261,12318.10543,MV_in_Gabra1,4.0,inhibitory,16.0,female,F2,2,0328_F2_L,0,0,0,0,0,0,0,0,0,0,0,0,0,0,0,0,0,0,0,0,0,0,0,0,0,0,0,0,0,0,0,0,0,0,1,0,2,0,0,0,0,0,0,0,0,0,0,0,0,0,0,2,0,0,0,0,0,0,0,0,0,0,0,2,0,0,3,0,0,0,0,0,0,0,0,0,0,0,0,0,0,0,0,0,0,0,0,0,0,0,0,0,0,0,0,0,0,1,0,0,0,0,0,0,0,0,1,0,0,0,0,0,0,0,0,0,0,0,0,0,0,0,0
2656144900086100184,20240328,295.9143066,8293.118337,973.9591048,MV_in_Gabra1,4.0,inhibitory,16.0,male,M1,1,0328_M1_C,0,1,0,0,0,1,0,0,1,0,0,0,0,0,0,0,0,1,0,0,0,0,0,0,0,0,0,3,0,0,0,0,0,0,0,0,1,0,0,0,0,0,0,2,0,0,2,0,0,0,0,1,0,0,0,0,0,0,0,0,0,0,0,0,0,0,1,0,0,0,0,0,0,0,0,0,0,0,0,0,0,0,0,0,0,0,0,0,0,0,0,0,0,0,0,0,0,0,0,0,0,0,0,0,0,0,1,0,1,0,0,0,0,0,0,0,0,0,0,0,0,0,0
2656144900112100127,20240328,3265.307129,8193.399547,1160.705156,MV_in_Gabra1,4.0,inhibitory,16.0,male,M1,1,0328_M1_C,0,0,0,1,0,0,0,0,0,0,0,0,0,0,0,0,0,0,0,0,0,0,0,0,1,0,1,0,0,0,0,0,0,0,2,0,1,0,0,0,0,1,2,1,0,0,0,0,0,0,0,8,0,0,0,0,0,0,1,0,0,0,0,6,0,0,0,1,0,0,0,0,0,0,0,0,0,2,0,0,0,0,0,1,0,0,1,0,0,0,0,0,0,0,0,0,0,0,0,0,0,2,0,0,0,0,1,0,0,0,0,0,0,0,0,0,0,0,0,0,0,0,1
2656144900112100151,20240328,753.7932739,8311.984708,1176.573366,MV_in_Gabra1,4.0,inhibitory,16.0,male,M1,1,0328_M1_C,0,1,0,2,1,0,0,0,0,0,0,1,0,0,0,0,0,0,0,1,0,0,0,0,0,0,0,2,1,0,0,0,0,0,0,0,0,0,0,0,0,0,0,0,0,0,2,0,1,0,0,3,0,0,0,0,0,1,0,0,0,0,0,8,0,0,2,1,0,0,0,0,0,0,0,0,0,0,0,0,0,0,0,0,0,0,2,0,1,0,0,0,0,0,0,1,0,0,0,0,0,0,0,0,0,0,2,0,0,0,0,0,0,0,1,0,0,0,0,0,0,0,0
2656144900138100135,20240328,2177.197266,8236.03194,1426.053616,MV_in_Gabra1,4.0,inhibitory,16.0,male,M1,1,0328_M1_C,0,1,0,2,0,0,0,1,1,0,0,0,1,0,0,0,0,1,0,0,0,0,0,0,0,0,0,1,0,0,0,0,0,0,1,0,2,0,1,0,0,0,0,2,0,1,1,0,0,1,0,2,0,0,0,0,0,0,0,0,0,0,0,5,0,0,5,0,0,0,0,0,0,0,0,0,0,1,0,0,0,0,0,0,0,0,1,0,0,0,0,0,0,0,0,0,0,0,0,0,0,1,0,0,0,0,1,0,4,0,0,0,0,0,1,0,0,0,0,0,0,0,0
2656144900139100232,20240328,1825.348877,8453.357834,1534.302847,MV_in_Gabra1,4.0,inhibitory,16.0,male,M1,1,0328_M1_C,0,3,0,1,0,0,0,0,3,0,0,2,0,0,0,0,0,0,0,0,0,0,0,0,0,0,0,1,0,0,0,0,0,0,2,0,2,0,1,0,0,2,1,1,0,0,5,0,0,0,0,15,0,0,1,0,0,0,0,0,0,1,0,2,0,0,6,0,0,0,0,0,0,0,0,0,0,0,0,0,0,1,0,1,0,1,0,0,0,0,0,0,0,0,1,0,1,0,0,0,0,0,0,0,0,1,2,0,4,0,0,0,0,0,1,0,0,0,0,0,0,0,1
2656144900167100168,20240328,3793.628174,8920.702148,1832.035241,MV_in_Gabra1,4.0,inhibitory,16.0,male,M1,1,0328_M1_C,0,2,0,3,0,1,1,0,4,0,0,0,1,0,0,0,1,0,0,0,0,0,0,0,0,0,0,0,0,0,0,0,0,0,0,0,2,0,0,0,1,0,1,1,0,0,0,0,0,2,0,3,0,0,0,0,0,0,0,0,0,0,0,11,0,1,0,2,0,0,0,0,0,0,1,0,0,1,0,0,0,0,0,0,0,1,2,0,0,0,1,0,0,0,0,1,1,0,0,0,0,1,0,1,0,0,2,1,5,0,0,0,0,0,3,3,1,0,1,0,0,0,1
2656144900211100084,20240328,2447.572998,6885.222616,2267.411046,MV_in_Gabra1,4.0,inhibitory,16.0,male,M2,1,0328_M2_C,0,0,0,2,0,0,0,0,2,0,0,0,0,0,0,0,0,2,1,0,0,1,0,0,0,0,0,3,0,0,1,0,0,0,1,0,1,0,0,0,0,0,0,0,0,0,1,0,0,0,1,1,0,0,0,0,0,0,0,0,0,0,0,3,0,0,1,1,0,1,0,0,0,0,0,0,0,0,0,0,0,0,0,0,0,0,2,0,1,0,0,0,0,0,1,2,0,0,0,0,0,0,0,0,0,0,2,0,2,0,0,0,0,0,4,1,0,0,0,0,0,0,1
2656144900377100139,20240328,1101.427979,9578.210377,3957.069936,MV_in_Gabra1,4.0,inhibitory,16.0,male,M1,4,0328_M1_T,0,0,0,2,1,0,0,0,0,0,0,0,2,0,0,0,0,1,0,0,0,0,0,0,0,0,0,2,0,0,0,0,0,0,1,1,4,0,0,0,0,0,0,0,0,0,0,0,0,0,0,1,0,0,0,1,0,0,0,0,0,0,0,2,0,0,4,0,0,0,0,0,0,0,0,0,0,0,0,0,0,0,0,0,0,0,0,0,0,0,1,0,0,0,0,0,0,0,0,0,0,0,0,0,0,0,2,0,0,0,0,0,1,0,0,0,0,0,0,0,0,0,0
2656144900421100075,20240328,1180.779297,7416.71198,4440.065076,MV_in_Gabra1,4.0,inhibitory,16.0,male,M2,4,0328_M2_T,0,0,0,0,0,0,0,0,0,0,0,0,0,0,0,0,0,0,0,0,0,0,0,0,0,0,0,0,0,0,0,0,0,0,0,0,0,0,0,0,0,0,0,1,0,0,1,0,0,0,0,1,0,0,0,0,0,0,0,0,0,0,1,3,0,0,3,0,0,0,0,0,0,0,0,0,0,0,0,0,0,0,0,0,0,0,1,0,0,0,0,0,0,0,0,0,2,0,0,0,0,0,0,0,0,0,0,0,0,0,0,0,0,0,0,1,0,1,0,0,0,0,0
2656144900515100215,20240328,669.4403076,11828.17741,5422.172831,MV_in_Gabra1,4.0,inhibitory,16.0,male,M1,3,0328_M1_S,0,0,0,1,1,0,0,0,0,0,0,0,0,0,0,0,0,0,0,0,0,0,0,0,0,0,0,0,0,0,0,0,0,0,0,0,0,0,0,0,0,0,0,0,0,0,0,0,0,0,0,1,0,0,0,0,0,0,1,0,0,0,0,1,0,0,0,0,0,0,0,0,0,0,0,0,0,0,0,0,0,0,0,0,0,0,1,0,0,0,0,0,0,0,0,0,0,0,0,0,0,0,0,0,0,0,0,0,0,0,0,0,0,0,1,0,0,0,0,0,0,0,0
2656144900530100029,20240328,3613.911133,8713.681365,5537.111762,MV_in_Gabra1,4.0,inhibitory,16.0,male,M2,2,0328_M2_L,0,1,0,1,0,0,0,0,1,0,0,0,0,0,0,0,0,0,1,0,0,0,1,0,0,1,0,1,0,0,0,0,0,0,1,0,2,0,0,0,0,0,0,3,0,0,0,0,0,0,0,1,0,0,0,0,0,0,0,0,0,0,1,9,0,0,2,1,0,0,0,0,1,0,0,0,0,3,0,0,0,0,0,1,0,0,4,0,1,0,0,0,0,0,0,0,0,0,0,0,0,0,0,0,0,0,2,0,3,0,0,0,0,0,2,1,0,0,0,0,0,0,0
2656144900589100180,20240328,2346.023438,10650.25443,6232.673146,MV_in_Gabra1,4.0,inhibitory,16.0,male,M1,2,0328_M1_L,0,2,0,0,0,0,0,0,0,0,0,2,0,0,0,0,0,0,0,0,0,0,0,0,0,0,0,0,0,0,0,0,0,0,3,0,0,0,1,0,0,0,0,0,0,1,0,0,0,0,0,3,0,0,0,0,0,1,0,0,0,0,0,4,0,0,1,0,0,0,0,0,0,0,0,0,0,0,0,0,0,0,0,1,0,0,0,0,0,0,0,0,0,0,0,1,0,0,1,0,0,0,0,0,0,0,1,0,2,0,0,0,0,0,0,0,0,0,0,0,0,0,0
2656144900615100019,20240328,3658.70752,10566.67161,6365.507929,MV_in_Gabra1,4.0,inhibitory,16.0,male,M1,2,0328_M1_L,0,3,0,2,0,0,1,0,2,0,0,0,0,0,0,0,0,0,0,0,0,0,0,0,0,0,0,2,0,0,0,0,1,0,3,0,4,0,0,0,0,0,0,0,1,0,1,1,0,0,0,9,0,1,0,0,0,4,0,1,1,0,1,5,0,0,2,2,1,1,0,0,0,0,0,0,0,1,1,0,0,0,1,0,0,0,0,1,0,0,0,1,0,0,0,0,0,0,0,0,0,1,1,0,0,0,3,0,2,1,0,0,1,0,1,1,0,0,0,0,1,0,0
2707604000085100071,20240415,1192.737305,7454.864545,8820.349297,MV_in_Gabra1,4.0,inhibitory,16.0,male,M3,2,0415_M3_L,0,0,0,1,0,0,0,0,1,0,0,1,0,0,0,0,0,0,0,0,0,0,0,0,0,0,1,1,0,0,0,0,0,0,0,0,0,0,0,0,0,0,0,2,0,0,1,0,0,0,0,0,0,0,0,0,0,0,0,0,0,0,0,3,0,0,0,0,0,0,0,0,0,1,0,0,0,0,0,1,0,0,0,0,0,0,1,0,0,0,0,0,0,0,0,0,0,0,0,0,0,0,0,0,0,0,0,0,0,0,0,0,0,0,1,1,0,0,0,0,0,0,0
2707604700083100291,20240415,1610.423584,4967.16814,6266.499754,MV_in_Gabra1,4.0,inhibitory,16.0,male,M2,2,0415_M2_L,0,0,0,2,0,0,0,0,1,0,0,0,0,1,0,0,0,1,0,0,0,0,1,0,0,0,0,0,0,0,0,0,0,0,0,0,1,0,0,0,0,0,0,0,0,0,1,1,0,0,0,0,0,0,0,0,0,0,0,0,0,0,0,1,0,0,0,0,0,0,0,0,0,0,0,0,0,0,0,0,0,0,0,0,0,0,2,0,0,0,0,0,0,0,0,0,0,0,0,0,0,0,1,0,0,0,0,0,0,0,0,0,1,0,1,2,0,0,0,0,0,0,0
2707604700223100181,20240415,3680.311279,3915.019935,7919.059886,MV_in_Gabra1,4.0,inhibitory,16.0,male,M2,4,0415_M2_T,0,1,0,3,0,1,0,0,4,0,0,0,0,0,0,0,0,1,1,0,0,0,0,0,0,0,0,2,0,0,0,0,0,0,2,0,2,1,0,0,0,1,0,0,0,1,4,0,1,0,0,0,0,2,0,0,0,0,0,1,1,0,0,10,0,2,0,2,0,0,0,1,0,0,0,0,0,0,1,0,0,1,0,1,0,0,2,2,1,0,0,0,0,0,0,0,3,0,0,0,0,1,0,0,0,1,6,0,7,0,0,0,0,0,2,4,0,0,0,0,0,0,1
2707604700223100200,20240415,2593.785889,3957.423437,7942.777816,MV_in_Gabra1,4.0,inhibitory,16.0,male,M2,4,0415_M2_T,0,0,0,2,0,0,0,0,4,0,0,0,0,0,0,0,1,0,1,1,0,0,0,0,0,0,0,2,1,0,0,1,0,0,0,1,0,0,0,0,1,0,0,0,0,0,4,0,0,0,0,1,0,1,0,0,0,0,0,0,0,0,0,15,0,0,2,0,0,0,0,0,0,0,0,0,0,0,1,0,3,0,0,0,0,0,1,1,0,0,1,0,1,0,0,1,0,0,0,0,0,0,0,0,0,0,1,0,0,0,1,0,0,0,1,3,0,0,0,0,0,0,1
2707604700226100081,20240415,5049.627441,4619.017362,7779.106132,MV_in_Gabra1,4.0,inhibitory,16.0,male,M2,4,0415_M2_T,0,2,0,0,0,0,0,0,0,0,0,1,0,0,0,0,0,0,0,1,0,0,0,0,0,0,3,4,0,0,0,0,0,0,0,0,0,0,0,0,0,0,0,0,0,0,2,0,0,0,0,1,0,2,0,0,0,0,0,0,0,1,0,6,0,0,6,0,0,0,0,0,1,1,1,0,0,0,0,1,0,0,0,0,0,0,0,0,0,0,0,0,1,0,0,0,1,0,0,0,0,0,0,0,0,0,1,0,2,0,0,0,0,0,0,4,0,0,0,0,1,0,0
2707604800059100134,20240415,3304.772461,4989.336483,3698.149401,MV_in_Gabra1,4.0,inhibitory,16.0,male,M1,2,0415_M1_L,1,5,0,4,0,1,0,0,7,0,0,0,0,0,1,1,0,0,0,0,0,2,0,0,0,0,0,0,0,0,0,0,0,0,5,0,2,1,0,0,1,0,0,1,0,0,7,1,0,1,0,20,0,0,0,0,0,0,1,0,0,0,1,8,0,1,1,1,0,0,0,2,0,0,0,0,0,0,0,0,0,2,2,4,0,0,9,0,0,0,1,0,0,0,0,1,0,0,0,0,0,0,0,1,0,1,6,0,8,0,0,1,0,0,0,1,1,1,0,0,0,0,1
2707604800060100117,20240415,2002.144775,5132.205086,3684.285511,MV_in_Gabra1,4.0,inhibitory,16.0,male,M1,2,0415_M1_L,0,7,0,6,0,0,0,0,6,1,0,2,0,0,0,0,0,1,0,0,0,0,0,1,0,0,0,3,0,0,0,0,0,0,5,0,3,0,0,0,0,1,0,0,0,0,10,0,0,0,0,7,1,1,0,0,0,1,0,0,1,0,0,11,0,0,51,2,0,0,0,1,0,0,0,0,0,0,0,0,0,1,1,0,0,1,3,0,0,0,0,0,3,0,0,2,1,3,0,0,0,0,1,0,0,1,4,0,4,1,0,0,0,0,0,4,0,1,1,0,0,0,2
2707604800382100052,20240415,2286.5625,1275.892864,8046.527549,MV_in_Gabra1,4.0,inhibitory,16.0,male,M1,1,0415_M1_C,0,0,0,1,0,0,0,0,1,0,0,0,0,0,1,0,0,1,0,2,0,0,0,0,0,0,2,0,0,0,0,0,0,0,0,0,1,1,0,0,0,0,0,1,0,0,5,0,2,0,0,8,1,0,0,0,0,0,0,0,0,0,0,6,0,0,0,0,0,0,0,2,0,0,1,0,0,0,0,0,0,0,0,1,0,0,1,0,0,0,0,1,0,0,0,0,19,0,0,0,0,1,0,1,0,0,1,0,3,0,0,0,0,0,0,0,0,1,0,0,0,0,0
2707604800383100170,20240415,4306.782227,1419.918282,8168.663023,MV_in_Gabra1,4.0,inhibitory,16.0,male,M1,1,0415_M1_C,0,0,0,2,0,0,0,0,2,0,0,0,0,0,0,0,1,0,0,0,0,0,0,0,0,0,1,0,0,1,0,0,0,0,1,0,3,1,0,0,0,0,1,0,0,1,1,1,0,0,0,2,0,0,0,1,0,0,0,0,0,0,0,5,0,0,0,0,0,1,2,0,0,0,0,0,0,0,0,0,1,0,0,0,0,0,3,0,0,0,0,1,0,0,0,1,5,0,0,0,0,0,0,0,0,0,0,0,3,0,0,0,0,0,1,7,0,0,0,0,0,1,0
2707604800403100163,20240415,2128.662354,1264.764993,8420.625313,MV_in_Gabra1,4.0,inhibitory,16.0,male,M1,1,0415_M1_C,0,1,0,1,0,2,0,0,2,0,0,0,0,0,0,0,0,0,0,0,0,1,0,0,0,1,0,1,0,0,1,0,0,0,1,0,0,0,0,0,0,0,0,0,0,0,1,0,0,0,0,3,0,0,0,0,0,0,0,0,1,0,0,2,0,0,6,1,0,0,0,1,0,0,1,0,0,1,0,0,0,0,0,0,0,0,0,1,0,0,0,0,0,0,0,0,2,0,1,0,0,0,0,0,0,1,0,0,5,0,0,0,0,0,0,0,0,0,0,2,0,0,0
2707604800424100200,20240415,3009.279541,1173.918971,8750.783811,MV_in_Gabra1,4.0,inhibitory,16.0,male,M1,1,0415_M1_C,0,2,0,1,0,0,0,0,4,0,0,2,0,0,0,0,0,0,0,0,0,0,0,0,0,0,1,0,0,0,0,0,0,0,3,0,0,0,0,0,0,0,0,0,0,0,0,1,1,0,0,3,0,0,0,0,0,0,1,0,0,0,0,3,0,0,0,0,1,0,0,0,0,0,0,0,0,0,0,0,0,0,0,0,0,0,1,1,0,0,0,0,0,0,0,1,0,0,0,0,0,0,0,0,0,0,2,0,0,0,0,0,0,0,0,0,0,0,0,0,0,0,0
2707737900008100115,20240415,3117.661621,10533.11576,7913.409094,MV_in_Gabra1,4.0,inhibitory,16.0,female,F1,3,0415_F1_S,0,0,1,1,0,0,0,0,0,0,0,0,0,0,0,0,0,0,0,0,0,0,0,0,0,0,1,1,0,0,0,0,0,0,0,0,1,0,0,0,0,0,0,0,0,0,0,0,0,0,0,0,0,0,0,0,0,0,0,0,0,0,0,2,0,0,1,1,0,0,0,0,0,0,0,0,0,1,0,0,0,0,0,1,0,0,0,0,0,0,0,0,1,0,0,0,1,0,0,0,0,0,0,0,0,0,0,0,0,1,0,0,0,0,0,2,0,0,0,0,0,0,0
2707737900061100018,20240415,2538.934326,11019.4867,8901.95455,MV_in_Gabra1,4.0,inhibitory,16.0,female,F1,2,0415_F1_L,1,2,0,4,0,0,0,0,1,0,0,0,0,0,0,0,0,0,0,0,0,0,0,0,0,0,0,3,0,0,0,0,0,0,0,0,3,0,0,0,0,0,1,1,0,0,3,0,0,0,0,0,0,0,0,0,0,1,0,0,0,0,0,6,0,0,17,0,0,0,0,0,0,0,0,1,0,0,0,0,0,0,0,1,0,0,5,0,1,0,0,0,0,0,0,0,1,0,0,0,0,1,0,1,0,0,2,0,0,0,0,0,0,0,1,0,0,0,0,0,0,0,0
2707737900062100244,20240415,3281.335693,11120.94914,9152.826124,MV_in_Gabra1,4.0,inhibitory,16.0,female,F1,2,0415_F1_L,0,2,1,0,0,0,1,0,0,0,0,0,2,0,0,0,0,1,0,1,0,0,0,0,0,0,1,0,0,0,0,0,0,0,0,0,0,0,0,0,0,0,0,1,0,2,0,0,0,0,0,5,0,2,0,0,0,0,0,0,0,0,1,0,0,0,16,0,0,0,0,0,0,0,0,0,0,0,0,0,1,0,0,0,0,0,1,0,0,0,0,0,0,0,0,1,2,0,0,0,0,0,0,0,0,0,0,0,1,0,0,0,0,0,0,0,0,0,0,1,0,0,0
2707737900087100048,20240415,2564.945801,10918.64006,9485.068316,MV_in_Gabra1,4.0,inhibitory,16.0,female,F1,2,0415_F1_L,0,0,0,4,0,0,0,1,0,0,1,0,0,0,0,0,0,0,0,1,0,1,0,0,1,0,0,0,0,0,0,0,0,0,0,0,2,0,0,0,0,0,0,0,0,0,1,0,0,0,0,4,0,0,0,1,0,1,1,0,0,0,1,6,0,0,0,3,0,2,1,0,0,0,0,0,0,0,0,0,0,0,0,2,0,0,3,1,1,0,0,0,0,0,0,0,0,0,0,0,0,1,0,1,0,0,2,0,0,0,0,0,0,0,3,1,0,0,0,0,0,0,0
2707737900087100090,20240415,1389.194824,10913.12888,9523.797013,MV_in_Gabra1,4.0,inhibitory,16.0,female,F1,2,0415_F1_L,0,2,0,2,0,0,0,0,1,0,0,0,0,0,0,0,0,1,0,0,0,0,0,0,0,0,4,1,0,0,0,0,0,0,1,1,3,0,0,0,1,0,0,0,0,1,2,0,0,0,0,13,0,0,0,0,0,0,0,1,0,0,0,11,0,0,2,1,0,1,0,1,0,0,0,0,0,3,0,0,0,0,0,0,1,0,0,0,2,0,0,0,0,1,0,1,0,0,0,0,0,1,1,1,0,1,1,0,2,1,0,0,0,0,2,0,0,0,0,0,2,1,1
2726543700098100127,20240422,3323.865234,923.6984497,4540.621258,MV_in_Gabra1,4.0,inhibitory,16.0,male,M3,1,0422_M3_C,0,0,0,0,0,0,0,0,0,0,0,0,0,0,0,0,0,0,0,0,0,0,0,0,0,0,0,1,0,0,0,0,0,0,1,0,4,0,0,0,0,0,0,0,0,0,0,0,0,0,0,4,0,0,0,0,0,0,0,0,0,0,0,2,0,0,0,0,0,0,0,0,0,0,0,0,0,0,0,0,0,1,1,0,0,0,0,0,0,0,0,0,0,0,0,0,0,0,0,0,0,1,0,0,0,0,1,0,0,0,0,0,0,0,0,3,0,0,0,0,0,0,0
2726543700402100134,20240422,2747.581055,5502.574788,7099.503626,MV_in_Gabra1,4.0,inhibitory,16.0,male,M3,2,0422_M3_L,0,1,0,1,0,0,0,0,0,0,0,0,0,0,0,0,0,0,0,0,0,0,0,0,0,0,0,0,0,0,0,0,0,0,1,0,1,0,0,0,0,0,0,0,0,0,1,0,0,0,0,3,0,0,0,0,0,0,1,0,0,0,0,1,0,0,2,0,0,0,0,0,0,0,0,0,0,0,0,0,0,0,0,0,0,0,1,0,0,0,0,0,0,0,0,0,0,0,0,0,0,1,0,0,0,0,1,0,0,0,0,0,0,0,0,0,1,0,1,0,0,0,0
2726544200048100247,20240422,1807.314087,6387.467799,1290.147537,MV_in_Gabra1,4.0,inhibitory,16.0,male,M1,1,0422_M1_C,0,0,0,0,0,0,0,0,0,0,0,0,0,0,0,0,0,0,0,0,0,0,0,0,0,0,0,0,0,0,0,0,0,0,0,0,0,0,0,0,0,0,1,0,0,0,3,0,0,0,0,4,0,0,0,0,0,0,0,0,0,0,0,2,0,0,3,0,0,0,0,0,0,0,0,0,0,0,0,0,0,0,0,0,0,0,1,0,0,0,0,0,0,0,0,0,0,0,0,0,0,0,0,0,0,0,0,0,0,0,0,0,0,0,2,1,0,0,0,0,0,0,0
2726544600431100105,20240422,3100.508057,4255.09218,10986.42091,MV_in_Gabra1,4.0,inhibitory,16.0,female,F1,2,0422_F1_L,0,0,0,0,0,0,0,1,2,0,0,1,0,0,0,0,0,0,0,0,0,0,0,0,0,0,0,0,0,0,0,0,0,0,0,0,0,0,0,0,0,0,0,0,0,0,0,0,0,0,0,9,0,0,0,0,0,0,0,0,0,0,0,1,0,0,5,0,0,0,0,0,0,0,0,0,0,0,0,1,0,0,1,0,0,0,0,0,0,0,0,0,0,0,0,0,0,0,0,0,0,0,0,0,0,0,0,0,0,0,0,0,0,0,0,0,0,0,0,0,0,0,0
2726544600456100095,20240422,2689.235596,3922.693276,11303.84712,MV_in_Gabra1,4.0,inhibitory,16.0,female,F1,2,0422_F1_L,0,1,0,0,0,0,0,0,1,0,0,0,0,0,0,0,0,0,0,0,0,0,0,0,0,0,0,0,0,0,0,0,0,0,3,0,3,0,0,0,0,0,0,0,0,0,0,0,0,0,0,0,0,0,0,0,0,0,0,0,0,0,0,3,0,0,0,0,0,0,0,0,0,0,0,1,0,0,0,0,0,0,0,0,0,0,0,0,0,1,0,0,0,0,0,0,0,0,1,0,0,1,0,0,0,0,0,0,0,0,0,0,0,0,0,0,0,0,0,0,0,0,0
2726562700256100271,20240422,4224.561035,9894.60338,11362.03108,MV_in_Gabra1,4.0,inhibitory,16.0,female,F2,2,0422_F2_L,0,1,0,1,0,0,0,0,0,0,1,0,0,0,0,0,0,0,0,0,0,0,0,0,0,0,0,1,0,0,0,0,0,0,0,0,0,0,0,0,0,0,0,0,0,0,1,0,0,0,0,1,0,0,0,0,0,0,0,0,0,0,0,1,0,0,1,0,0,0,0,0,0,0,0,0,0,0,0,0,0,1,0,0,0,0,0,0,0,0,0,0,0,0,0,0,0,0,0,0,0,0,0,0,0,0,1,0,1,0,0,0,0,0,0,0,0,0,0,0,0,0,0
2787445900088100032,20240503,740.0078735,4037.889169,481.2079332,MV_in_Gabra1,4.0,inhibitory,16.0,female,F5,4,0503_F5_T,0,0,0,2,0,0,0,0,0,0,0,0,0,0,1,0,0,0,0,0,0,0,0,0,0,0,0,2,0,0,0,0,0,0,2,0,0,0,0,0,0,0,0,1,0,1,0,0,1,0,0,2,0,0,0,0,0,0,0,0,0,0,0,3,0,0,0,2,0,0,0,0,0,0,0,0,0,1,0,0,0,0,0,0,0,0,9,0,0,1,0,0,0,0,0,1,0,0,0,0,0,0,0,0,0,0,0,0,3,1,0,0,0,0,0,0,0,0,0,0,0,0,0
2787445900170100133,20240503,1813.332275,6178.067855,1174.089877,MV_in_Gabra1,4.0,inhibitory,16.0,female,F5,1,0503_F5_C,0,0,0,0,0,0,0,0,1,0,0,0,0,0,0,0,0,1,0,0,0,1,0,0,0,0,0,0,0,0,0,0,0,0,1,0,0,0,0,0,0,0,1,0,0,0,0,0,0,0,0,2,0,0,0,0,0,1,0,1,0,0,0,1,0,0,33,0,0,0,0,0,0,0,0,0,0,0,0,0,0,0,0,2,0,0,0,0,0,0,0,0,0,0,0,0,0,0,0,0,0,0,0,0,0,0,1,0,0,0,0,0,0,0,0,0,0,0,0,0,0,0,0
2787445900285100237,20240503,951.9020996,7437.437336,2063.784812,MV_in_Gabra1,4.0,inhibitory,16.0,female,F4,1,0503_F4_C,0,1,0,0,0,0,0,0,2,0,0,0,0,0,0,0,0,0,0,2,0,1,0,0,0,0,1,1,0,0,0,0,0,1,0,0,0,0,0,0,0,0,0,0,0,0,0,1,0,0,0,0,1,0,0,0,0,0,0,0,0,0,0,1,0,0,6,0,0,0,0,0,0,0,0,0,0,4,0,0,0,0,0,0,0,0,5,0,1,0,0,0,0,0,0,0,0,0,0,0,0,0,0,0,0,0,0,0,2,0,0,0,0,0,3,1,0,1,0,0,0,0,1
2787445900289100143,20240503,3672.27002,8442.202428,1983.307093,MV_in_Gabra1,4.0,inhibitory,16.0,female,F4,1,0503_F4_C,0,13,0,9,1,2,0,1,2,0,0,1,0,0,0,0,0,0,0,3,0,0,0,0,0,0,3,4,2,0,1,2,0,0,7,0,9,0,0,0,0,2,0,0,0,1,4,0,0,1,0,2,0,0,0,0,2,2,1,0,0,0,2,18,0,0,0,3,1,0,0,1,0,0,1,4,2,9,0,0,0,0,1,3,0,1,9,2,2,1,1,0,1,0,0,1,0,0,1,1,0,4,0,0,0,2,10,0,3,1,0,1,0,0,0,7,0,1,1,0,0,0,3
2787445900289100205,20240503,4785.262207,8455.337043,2050.166056,MV_in_Gabra1,4.0,inhibitory,16.0,female,F4,1,0503_F4_C,0,9,1,6,0,1,1,2,3,1,0,0,1,1,1,0,0,0,0,2,0,0,0,1,0,0,6,1,1,0,0,0,0,0,7,0,7,0,0,0,0,0,0,0,0,0,9,0,0,0,0,7,0,0,0,0,0,3,0,1,0,0,0,25,0,0,0,2,0,1,0,0,0,0,0,0,0,3,0,0,0,1,0,1,2,0,1,1,1,1,0,0,0,0,0,0,2,0,0,1,0,7,1,0,0,0,5,1,5,3,0,0,0,0,0,2,0,1,2,0,0,0,3
2787445900323100099,20240503,1094.017822,7649.059127,2228.064832,MV_in_Gabra1,4.0,inhibitory,16.0,female,F4,1,0503_F4_C,0,4,0,2,0,0,0,0,1,0,0,0,0,0,2,0,0,1,0,3,0,2,0,0,0,0,0,4,0,0,0,0,0,0,0,0,5,0,0,0,0,0,2,0,0,0,5,0,0,0,0,15,0,0,0,0,0,0,0,0,0,0,0,6,0,0,25,2,0,0,0,0,0,0,0,0,0,0,1,0,0,0,0,1,0,0,4,0,0,0,0,0,0,0,0,0,15,0,0,0,0,1,0,1,0,1,0,0,0,0,0,0,1,0,0,0,0,0,0,0,0,0,1
2787445900324100156,20240503,1369.666016,7895.929665,2278.133177,MV_in_Gabra1,4.0,inhibitory,16.0,female,F4,1,0503_F4_C,0,0,0,1,0,0,0,0,2,0,0,0,0,0,0,0,0,0,0,0,0,0,0,0,0,0,1,1,0,0,0,0,0,0,0,0,0,0,0,0,0,0,0,0,0,0,2,0,0,0,1,0,0,0,1,0,0,0,1,0,0,0,0,7,0,0,0,0,0,1,0,0,0,0,0,0,0,0,0,0,0,0,0,1,0,0,1,1,0,0,0,0,0,0,0,0,0,0,0,0,0,1,0,0,0,0,1,0,1,0,0,0,0,0,1,0,0,1,0,0,0,0,1
2787445900325100069,20240503,3878.338623,8172.664196,2195.498998,MV_in_Gabra1,4.0,inhibitory,16.0,female,F4,1,0503_F4_C,0,4,0,8,2,1,0,0,2,0,0,0,1,0,0,2,0,4,0,3,0,0,1,0,0,0,1,2,0,1,0,0,0,1,5,0,5,0,1,3,1,0,0,0,0,1,5,0,1,1,0,28,0,1,0,0,1,0,3,2,2,0,0,12,0,0,1,2,0,0,0,0,0,0,1,1,0,0,0,0,0,1,0,0,0,1,5,1,2,0,0,0,0,0,1,1,50,0,1,0,0,2,0,0,0,1,4,1,3,3,2,0,0,1,1,0,0,0,0,0,0,0,6
2787445900325100182,20240503,3831.906006,8356.077138,2312.70275,MV_in_Gabra1,4.0,inhibitory,16.0,female,F4,1,0503_F4_C,0,5,0,5,1,1,0,1,6,0,1,0,0,0,0,0,0,2,0,1,0,0,0,0,0,1,3,2,1,1,0,0,0,0,4,0,2,1,0,0,0,0,0,0,0,1,3,1,1,1,0,8,2,0,0,0,1,0,1,0,0,0,1,10,0,1,4,3,0,1,0,2,0,0,1,0,0,8,0,0,0,0,1,0,0,0,2,1,0,0,0,0,1,0,0,1,0,0,2,0,0,3,0,0,0,1,2,0,3,2,0,0,0,0,2,7,0,1,0,0,0,0,0
2787445900326100198,20240503,3262.436035,8362.508056,2363.848359,MV_in_Gabra1,4.0,inhibitory,16.0,female,F4,1,0503_F4_C,0,6,0,7,0,0,0,0,1,0,0,1,0,0,1,0,0,0,0,0,0,0,0,0,0,0,2,1,0,0,1,0,0,0,2,0,6,0,0,0,0,0,0,0,0,0,4,0,0,0,0,0,0,0,0,0,0,0,4,0,0,0,2,19,2,0,12,2,0,0,0,0,0,0,0,0,0,3,0,0,0,1,0,1,0,0,7,3,2,0,0,0,1,0,0,2,3,0,1,0,1,4,1,0,1,1,3,0,2,1,0,0,0,0,0,0,0,1,0,0,0,0,0
2787445900360100123,20240503,2317.64624,7749.415072,2574.504354,MV_in_Gabra1,4.0,inhibitory,16.0,female,F4,1,0503_F4_C,0,1,0,5,0,1,0,0,3,0,0,0,0,0,0,2,0,0,0,0,0,0,0,0,1,0,1,0,0,0,0,0,0,1,3,0,2,0,1,0,0,0,1,0,0,0,1,1,0,0,0,3,0,0,0,0,0,0,0,0,1,1,1,12,0,1,0,1,0,0,0,0,0,0,0,0,0,3,0,0,0,0,1,0,1,1,2,0,1,0,0,0,0,1,0,0,0,0,1,0,0,0,0,0,0,0,1,0,1,1,0,1,0,0,0,0,0,1,1,0,0,0,0
2787445900363100046,20240503,941.6408081,8609.330566,2468.643524,MV_in_Gabra1,4.0,inhibitory,16.0,female,F4,1,0503_F4_C,0,1,0,2,0,0,0,0,0,0,0,0,0,0,0,0,0,0,0,1,0,0,0,0,0,0,0,1,0,0,0,2,0,0,0,0,0,0,0,0,0,0,0,0,0,1,1,0,0,0,0,0,0,1,0,0,0,0,0,0,0,0,0,3,0,0,0,0,0,0,0,0,0,0,0,0,0,2,0,0,0,0,0,0,0,0,1,0,0,0,0,0,0,0,0,0,1,0,0,1,0,2,0,0,0,0,1,0,1,1,0,0,0,0,0,0,0,2,0,0,1,0,0
2787445900363100091,20240503,2594.88623,8360.782718,2549.661567,MV_in_Gabra1,4.0,inhibitory,16.0,female,F4,1,0503_F4_C,0,8,0,15,0,1,0,1,3,0,1,2,0,0,0,2,0,1,0,5,1,3,0,1,2,0,1,3,3,0,0,0,0,0,9,0,4,0,3,0,0,0,0,3,1,0,15,4,0,0,0,47,0,0,0,1,0,1,0,0,0,0,0,19,0,1,0,3,1,1,0,0,0,0,0,0,0,13,0,0,0,1,1,2,4,0,5,2,0,0,0,0,0,1,0,0,2,0,3,0,1,3,0,2,2,0,4,1,4,1,0,2,0,1,5,0,0,0,1,0,1,0,1
2787445900426100045,20240503,1912.516235,5290.638696,3017.351949,MV_in_Gabra1,4.0,inhibitory,16.0,female,F4,4,0503_F4_T,0,3,0,0,0,1,0,0,1,0,0,1,0,1,0,0,0,0,0,0,0,0,0,0,0,1,0,1,0,0,0,0,1,1,0,0,1,0,0,0,0,0,1,0,0,0,2,0,0,0,0,20,0,3,1,0,0,1,2,0,0,0,0,13,2,0,0,0,0,0,0,0,0,0,0,0,0,5,0,0,0,0,0,0,0,1,9,0,1,0,0,0,0,1,0,1,0,0,0,1,0,2,0,0,0,0,4,0,1,0,0,0,0,0,2,0,0,0,0,0,1,0,1
2787445900426100129,20240503,3327.818359,5429.475472,3129.365118,MV_in_Gabra1,4.0,inhibitory,16.0,female,F4,4,0503_F4_T,0,7,0,2,0,6,0,0,4,0,0,4,0,0,0,6,0,0,0,1,0,0,0,0,1,0,1,4,0,0,0,0,0,0,9,0,3,0,0,0,1,1,0,10,1,0,39,0,0,0,1,21,0,0,0,3,0,0,1,0,0,0,1,19,0,0,0,1,0,0,0,0,0,0,0,0,0,5,0,1,0,0,0,1,0,0,8,0,0,0,0,0,1,0,1,1,1,0,2,0,0,4,1,0,2,0,0,0,4,1,0,0,0,0,1,0,0,2,0,0,0,0,1
2787445900550100228,20240503,1244.232422,8925.59086,4003.491203,MV_in_Gabra1,4.0,inhibitory,16.0,female,F3,1,0503_F3_C,0,1,1,2,0,0,0,0,1,0,1,0,0,0,0,0,0,0,0,0,0,1,0,0,0,0,0,1,0,1,0,0,0,0,4,0,1,0,0,1,0,0,0,0,0,1,0,0,0,0,0,0,0,0,0,0,0,0,1,0,0,0,0,6,0,0,4,0,0,0,0,0,0,0,0,0,0,0,0,0,0,1,0,0,0,0,0,2,0,0,0,0,0,1,0,0,0,0,0,0,0,0,0,0,0,0,1,0,1,0,0,0,0,0,0,0,0,0,0,0,0,0,0
2787445900583100189,20240503,2921.010986,7901.480058,4321.304225,MV_in_Gabra1,4.0,inhibitory,16.0,female,F3,1,0503_F3_C,0,3,0,3,0,0,0,0,2,0,0,0,0,0,0,1,0,0,0,0,0,0,0,0,0,0,1,3,1,0,0,0,0,0,2,1,1,0,0,0,0,0,0,1,0,1,5,1,1,0,0,10,1,0,0,0,0,1,0,0,0,0,0,7,0,0,1,0,0,0,0,0,0,0,0,0,0,0,0,0,0,0,0,0,0,0,0,1,1,0,0,0,0,0,0,0,2,0,0,0,0,0,0,0,0,0,3,0,2,0,0,0,0,0,1,1,0,0,0,0,0,0,0
2787445900619100155,20240503,3025.423096,7569.428793,4574.588005,MV_in_Gabra1,4.0,inhibitory,16.0,female,F3,1,0503_F3_C,1,0,0,1,0,1,0,0,1,0,1,0,0,0,0,0,0,0,0,0,0,0,0,0,2,0,0,0,0,0,0,0,0,0,1,0,2,0,0,0,1,0,1,1,0,1,0,0,0,0,0,4,0,0,0,0,0,0,0,0,0,0,0,8,0,0,0,0,0,1,0,0,0,0,1,1,0,1,0,1,0,0,1,0,0,0,2,1,1,0,0,1,0,0,0,0,0,0,0,0,0,1,0,0,0,0,1,0,1,0,0,0,0,0,0,6,0,1,0,0,0,0,0
2787445900620100253,20240503,2498.717529,7956.110228,4669.067249,MV_in_Gabra1,4.0,inhibitory,16.0,female,F3,1,0503_F3_C,0,2,0,3,0,0,0,0,1,0,0,0,0,0,0,0,1,0,1,2,0,0,0,0,1,1,0,3,0,0,0,0,0,0,5,0,3,1,0,1,0,0,0,0,0,0,4,0,1,0,0,8,0,4,0,0,0,0,1,0,0,0,0,8,0,0,3,2,1,1,0,0,1,0,0,0,0,7,0,0,0,1,0,1,0,0,3,0,0,1,0,0,2,0,0,0,0,0,0,0,0,1,0,0,0,0,3,0,3,0,0,0,0,0,0,1,0,0,0,0,0,0,1
2787445900621100304,20240503,3347.417236,8174.782384,4633.406155,MV_in_Gabra1,4.0,inhibitory,16.0,female,F3,1,0503_F3_C,0,3,1,3,0,0,0,0,0,1,0,0,0,0,1,0,0,3,0,1,0,0,0,0,1,2,0,6,0,0,0,0,0,0,0,0,5,1,0,0,0,0,0,1,0,0,4,0,0,0,0,3,1,1,1,0,0,0,1,0,0,1,0,10,2,1,1,0,2,0,0,1,0,0,0,0,1,0,0,0,0,0,0,0,0,0,1,2,0,0,0,2,0,0,1,0,6,1,0,0,1,1,0,0,0,1,1,0,5,0,0,1,0,0,2,0,0,0,2,0,1,0,2
2787445900716100170,20240503,2343.842773,3791.404399,5419.190595,MV_in_Gabra1,4.0,inhibitory,16.0,female,F3,2,0503_F3_L,0,1,0,0,0,0,0,0,0,0,0,0,0,0,0,1,1,0,0,0,0,0,0,0,1,0,0,0,0,0,0,0,0,0,2,1,0,0,0,0,0,0,0,0,1,1,0,0,0,0,0,0,0,0,0,0,0,0,0,0,0,1,0,0,0,0,0,1,0,0,0,0,0,0,0,0,0,1,0,0,0,0,0,0,0,0,1,1,0,0,0,0,0,0,1,0,0,0,0,0,0,0,0,0,0,0,0,0,0,0,0,0,0,0,1,0,0,0,0,0,0,0,0
2787445900753100213,20240503,3171.271484,3682.34387,5763.803022,MV_in_Gabra1,4.0,inhibitory,16.0,female,F3,2,0503_F3_L,0,0,0,1,0,0,0,0,6,1,0,1,0,0,0,0,0,1,0,2,0,0,0,0,0,0,0,1,1,0,0,0,0,0,1,0,1,0,0,0,2,0,0,0,0,0,2,1,0,0,0,5,0,0,0,1,0,0,0,0,0,0,0,8,0,0,1,0,0,0,0,1,0,0,0,0,0,1,0,0,0,1,0,2,1,0,1,0,0,0,0,0,1,0,0,3,5,0,0,0,0,0,0,0,0,0,1,0,0,0,0,0,0,1,1,1,1,0,0,0,0,0,1
2787445900762100106,20240503,1860.103394,6119.778268,5612.527731,MV_in_Gabra1,4.0,inhibitory,16.0,female,F3,4,0503_F3_T,0,0,0,1,1,0,0,0,0,0,0,0,0,0,0,0,0,0,0,0,0,0,0,0,0,0,0,0,0,0,0,0,0,0,2,0,2,0,1,0,0,0,0,0,0,0,0,0,0,0,0,3,0,0,0,0,0,0,0,1,0,0,0,1,0,0,3,0,0,0,0,0,0,0,0,0,0,1,1,0,0,0,0,0,0,0,1,0,1,0,0,0,0,0,0,1,4,0,0,0,0,1,0,0,0,0,0,0,0,1,0,0,0,0,0,0,0,0,0,0,0,0,0
2787445900859100117,20240503,2496.006348,2302.933147,6457.121864,MV_in_Gabra1,4.0,inhibitory,16.0,female,F3,3,0503_F3_S,0,1,0,4,0,0,0,0,1,0,0,2,0,0,0,1,0,4,0,0,0,0,0,0,0,0,1,1,0,0,0,0,0,0,2,0,5,0,0,0,0,0,0,0,0,0,6,0,0,0,0,10,0,0,0,0,0,2,0,0,0,0,0,8,0,0,0,0,0,0,0,0,0,0,0,0,0,0,0,0,0,0,0,1,0,0,4,0,0,0,0,0,0,0,0,0,0,0,0,0,1,2,0,0,0,1,1,0,4,0,0,0,0,0,0,0,0,0,0,1,0,0,0
2787445900895100076,20240503,2630.11792,2038.169151,6724.201044,MV_in_Gabra1,4.0,inhibitory,16.0,female,F3,3,0503_F3_S,0,1,0,1,0,0,0,0,3,0,0,0,0,0,0,1,1,14,0,0,0,0,0,0,1,1,0,2,0,0,0,0,0,0,1,0,1,0,0,0,0,0,0,0,0,1,0,1,0,0,0,2,0,0,0,0,0,0,0,0,0,0,0,7,0,1,9,1,0,0,0,1,0,0,0,0,0,1,0,0,0,0,0,0,0,0,1,0,0,0,0,1,0,0,1,0,1,0,1,0,0,0,0,0,1,0,1,0,2,0,0,0,0,0,1,0,0,0,0,0,0,0,0
2787889600059100062,20240503,433.6712952,8641.700934,6095.396812,MV_in_Gabra1,4.0,inhibitory,16.0,male,M5,1,0503_M5_C,0,0,0,0,0,0,0,0,0,0,0,0,0,0,1,0,0,0,0,0,0,0,0,0,0,0,0,1,0,0,0,0,0,0,0,0,0,0,0,0,0,0,0,0,0,0,0,0,0,0,0,0,0,1,0,0,0,0,0,0,0,0,0,0,0,0,17,0,0,0,0,0,0,0,0,0,0,0,0,0,0,0,0,0,0,0,0,0,0,0,0,0,0,0,0,0,0,0,0,0,0,0,0,0,0,0,0,0,0,0,0,0,0,0,0,0,0,0,0,0,0,0,0
2787889600092100060,20240503,2339.149414,7902.664304,6354.063271,MV_in_Gabra1,4.0,inhibitory,16.0,male,M5,1,0503_M5_C,0,3,0,0,0,0,0,0,0,0,0,0,0,0,0,0,0,0,0,0,0,0,1,0,0,0,0,1,0,0,0,0,0,0,1,0,4,0,0,0,0,0,0,0,0,0,0,1,0,0,0,3,0,0,0,1,1,0,0,0,0,0,0,11,0,0,0,1,0,0,0,0,0,0,0,0,0,0,0,0,0,0,0,2,0,0,2,0,0,0,0,0,0,0,0,0,1,0,0,0,0,0,0,0,0,0,1,0,2,0,0,0,0,2,2,0,0,0,0,0,0,0,2
2787889600094100035,20240503,3432.419434,8428.645638,6315.918073,MV_in_Gabra1,4.0,inhibitory,16.0,male,M5,1,0503_M5_C,0,1,0,0,0,0,0,0,1,0,0,0,0,0,0,0,0,0,1,0,0,0,0,0,0,0,6,3,0,0,0,0,0,0,0,0,1,0,0,0,0,0,0,7,0,0,0,0,0,0,0,7,0,0,0,0,0,0,1,1,0,0,0,3,0,0,6,0,1,0,0,0,0,1,0,0,0,1,1,0,0,0,0,0,0,0,1,0,0,0,0,0,0,0,0,0,0,0,0,0,0,0,0,0,0,0,0,0,1,0,0,0,0,1,3,1,0,0,0,0,1,0,1
2787889600230100054,20240503,2789.788574,6151.06244,7456.090885,MV_in_Gabra1,4.0,inhibitory,16.0,male,M5,4,0503_M5_T,0,0,0,2,0,0,0,0,1,0,0,0,0,0,1,0,0,1,0,2,0,0,0,0,0,0,0,2,0,0,0,0,0,0,5,0,2,0,0,0,0,0,0,4,0,0,0,0,0,0,0,0,1,1,0,0,0,0,0,0,0,1,0,7,0,0,0,0,0,0,0,0,0,0,1,0,0,1,0,0,0,0,0,1,0,0,1,0,0,0,0,0,1,0,0,1,0,0,0,0,0,0,0,1,0,0,1,0,2,0,0,0,0,1,1,0,0,1,0,0,1,0,2
2787889600230100128,20240503,2132.689453,6380.868746,7517.136507,MV_in_Gabra1,4.0,inhibitory,16.0,male,M5,4,0503_M5_T,0,0,1,1,0,0,0,0,0,0,0,0,0,0,0,0,0,0,0,0,0,1,0,0,1,0,0,2,0,0,0,0,0,0,2,0,0,0,0,0,0,0,0,0,0,0,0,0,1,0,0,13,0,0,0,0,0,0,0,2,0,0,1,7,0,0,0,1,0,0,0,0,0,0,0,0,0,2,0,1,0,0,0,0,0,0,0,0,0,0,0,0,0,0,0,1,0,0,1,0,0,2,1,0,0,0,2,0,1,0,0,0,0,1,0,1,1,0,0,0,0,0,1
2787889600231100297,20240503,3605.877441,6454.974704,7653.112313,MV_in_Gabra1,4.0,inhibitory,16.0,male,M5,4,0503_M5_T,0,0,0,0,0,0,0,0,0,0,0,1,0,0,0,0,0,0,0,1,0,0,0,0,0,0,2,0,0,0,0,0,0,0,1,0,0,1,0,0,0,0,0,1,0,1,1,0,1,0,0,1,0,0,0,0,0,0,0,0,0,0,0,6,0,1,0,1,0,0,0,0,0,0,0,0,0,0,0,0,0,0,0,0,0,0,1,0,0,0,0,0,0,0,0,0,0,0,0,0,0,1,0,0,0,0,0,0,0,0,0,0,0,0,0,1,0,0,0,0,0,0,0
2787889600312100274,20240503,2272.196045,9174.114008,8255.606453,MV_in_Gabra1,4.0,inhibitory,16.0,male,M4,1,0503_M4_C,0,1,0,1,0,1,0,0,1,0,0,0,0,0,0,0,0,0,0,0,0,0,0,0,0,0,2,0,0,0,0,0,0,0,0,0,1,0,0,0,0,0,0,3,0,0,0,0,0,0,0,0,0,0,0,0,0,0,0,0,0,0,0,5,0,1,7,0,0,0,0,0,0,0,0,0,0,0,0,0,0,0,0,0,0,0,0,0,0,0,0,0,0,0,1,1,0,0,0,0,0,0,0,0,0,0,2,0,0,0,0,0,0,0,0,0,0,1,0,0,0,0,0
2787889600313100066,20240503,756.2965698,9336.514995,8033.586124,MV_in_Gabra1,4.0,inhibitory,16.0,male,M4,1,0503_M4_C,0,2,0,0,1,0,0,0,0,0,0,0,5,0,2,0,0,1,0,0,1,0,0,0,0,0,0,2,0,0,0,0,0,0,0,0,0,0,0,0,0,0,0,0,1,0,1,0,0,0,0,3,0,0,0,1,0,0,0,0,0,0,1,2,0,0,1,1,1,0,0,0,0,0,0,0,0,0,0,0,0,0,0,1,0,0,1,1,0,0,0,0,0,0,1,0,2,0,0,0,0,0,0,0,0,0,3,0,1,0,0,0,0,0,0,0,0,0,0,0,0,0,0
2787889600314100176,20240503,1805.194336,9736.535761,8193.04068,MV_in_Gabra1,4.0,inhibitory,16.0,male,M4,1,0503_M4_C,0,2,0,0,0,0,0,0,0,1,0,0,0,0,0,0,0,0,0,0,0,0,0,0,0,0,0,2,0,0,0,0,0,0,1,0,1,0,0,0,1,0,0,2,0,0,0,0,0,0,1,2,0,0,0,0,0,0,0,1,0,0,0,4,0,0,0,0,0,0,0,0,0,0,0,0,1,1,0,0,0,0,0,0,0,0,0,0,0,0,0,0,1,0,0,0,0,0,0,0,0,0,0,0,0,0,2,0,0,0,0,0,0,0,1,0,0,0,0,0,1,0,0
2787889600315100102,20240503,4180.151367,10033.6806,8121.893427,MV_in_Gabra1,4.0,inhibitory,16.0,male,M4,1,0503_M4_C,0,6,0,7,0,2,0,0,2,0,0,0,0,0,1,0,1,0,0,0,0,0,0,0,1,0,1,2,1,0,0,0,0,0,1,0,1,0,0,0,0,0,1,1,0,0,11,0,1,0,0,36,0,0,0,0,0,0,2,0,1,0,0,15,0,0,5,1,0,1,0,0,0,0,0,0,0,2,0,0,1,1,0,0,0,0,7,1,0,0,0,0,2,0,0,1,9,0,2,0,0,1,0,0,0,1,4,0,8,0,0,0,0,1,3,3,0,0,0,0,0,0,0
2787889600349100026,20240503,3017.669678,9431.940312,8272.837386,MV_in_Gabra1,4.0,inhibitory,16.0,male,M4,1,0503_M4_C,0,3,0,2,0,1,0,0,4,0,0,2,0,0,0,0,1,0,2,0,0,1,0,0,0,0,9,1,0,0,0,0,0,0,0,0,2,0,0,0,0,0,0,2,0,0,1,0,0,0,1,9,0,0,0,0,0,1,3,0,0,0,0,8,1,0,5,0,0,1,0,0,0,0,1,1,0,3,0,0,0,0,0,0,1,0,6,1,0,0,0,0,0,0,1,2,4,0,1,0,0,1,0,0,0,1,1,0,3,0,0,0,2,0,0,1,0,0,0,0,0,0,1
2787889600349100073,20240503,3572.982666,9323.351883,8336.553633,MV_in_Gabra1,4.0,inhibitory,16.0,male,M4,1,0503_M4_C,0,3,0,2,0,3,0,0,3,0,0,0,0,0,0,0,0,3,0,0,1,1,0,0,0,0,3,1,1,0,0,1,0,0,2,1,3,0,0,0,0,0,0,0,0,0,3,0,0,0,0,5,1,0,0,0,0,1,1,0,0,0,1,12,1,0,0,2,1,0,0,0,1,0,0,1,0,0,0,0,0,0,0,0,0,0,1,1,0,0,0,0,0,0,0,0,4,1,0,0,0,2,0,0,0,0,3,0,0,0,0,0,0,0,0,2,0,0,0,0,0,0,3
2787889600349100087,20240503,3375.332031,9354.268913,8370.072946,MV_in_Gabra1,4.0,inhibitory,16.0,male,M4,1,0503_M4_C,0,3,0,2,0,0,0,0,2,0,0,0,0,0,1,0,0,1,0,1,0,0,0,0,2,0,2,2,1,0,0,0,0,0,3,0,2,0,0,1,0,0,0,0,1,0,4,0,0,2,0,10,1,1,0,0,0,0,0,0,0,0,0,18,0,0,1,1,0,1,0,0,0,0,0,0,0,2,0,0,0,1,0,1,0,0,2,1,1,1,0,0,0,0,0,1,0,2,0,0,0,1,0,0,0,1,2,1,3,0,0,0,0,0,2,2,0,2,0,0,0,0,1
2787889600410100233,20240503,2440.791992,6289.153956,9006.456259,MV_in_Gabra1,4.0,inhibitory,16.0,male,M4,2,0503_M4_L,0,2,0,1,0,0,0,1,2,0,0,1,0,0,0,1,0,1,0,0,0,0,0,0,2,0,0,0,0,0,0,0,1,0,8,0,2,0,0,0,0,0,0,0,0,0,0,0,0,0,0,0,0,0,0,0,0,0,3,0,0,0,0,6,0,0,5,0,0,0,1,2,0,0,0,0,0,0,0,0,0,0,0,1,0,1,0,0,1,0,0,0,1,0,0,0,2,0,0,1,0,0,0,0,0,0,0,0,1,0,0,0,0,0,0,2,0,0,0,0,0,0,0
2787889600443100146,20240503,1233.411377,5501.511386,9266.352798,MV_in_Gabra1,4.0,inhibitory,16.0,male,M4,2,0503_M4_L,0,0,1,0,1,0,0,1,0,0,0,0,0,0,0,0,0,0,0,0,0,0,0,0,0,0,0,0,0,0,0,0,0,0,1,0,2,0,0,0,0,0,0,0,0,1,0,0,0,0,0,1,0,0,0,0,0,0,0,0,0,0,0,1,0,0,3,0,0,0,0,0,0,0,0,0,0,2,0,0,0,0,0,0,0,0,2,1,0,0,0,0,0,0,0,0,0,0,0,0,0,0,0,0,0,0,0,0,0,0,0,0,0,0,0,0,0,0,0,0,0,0,0
2787889600450100193,20240503,966.656189,7368.852948,9254.099073,MV_in_Gabra1,4.0,inhibitory,16.0,male,M4,4,0503_M4_T,0,1,0,3,0,0,0,0,1,0,0,0,0,0,0,0,0,0,0,0,0,0,0,0,0,0,0,2,0,0,0,0,0,0,6,0,1,0,0,0,0,0,0,0,0,0,3,0,0,0,0,1,0,0,0,0,0,0,0,1,0,0,0,1,0,0,0,0,0,0,0,0,0,0,0,0,0,1,0,0,0,0,0,0,0,0,1,0,0,0,0,0,0,0,0,0,0,0,0,0,1,0,0,0,0,0,1,0,0,0,0,0,0,0,3,0,0,0,0,0,0,0,0
2795103300119100107,20240610,3609.913818,4133.780253,838.8677085,MV_in_Gabra1,4.0,inhibitory,16.0,male,M4,4,0610_M4_T,0,2,0,0,0,1,0,0,2,0,0,1,0,0,0,0,0,0,0,0,0,0,0,0,0,0,0,0,0,0,0,0,0,0,4,0,1,0,0,0,0,1,0,0,0,0,0,0,0,0,0,0,0,0,0,0,0,0,0,0,0,0,0,3,0,0,0,0,0,0,0,2,0,0,0,0,0,0,0,0,0,0,0,0,0,0,0,1,0,0,0,0,1,0,0,0,5,0,0,0,0,3,0,0,0,0,1,0,2,0,0,0,0,0,0,2,0,0,0,0,0,1,1
2795103300120100163,20240610,2566.944336,4408.878223,900.7605943,MV_in_Gabra1,4.0,inhibitory,16.0,male,M4,4,0610_M4_T,0,0,0,1,0,0,0,0,0,0,0,2,0,0,0,0,0,0,0,1,1,0,0,0,0,0,10,1,0,0,1,0,0,0,0,0,0,0,0,0,0,0,0,2,0,0,3,0,0,0,0,9,0,0,0,0,0,1,0,0,0,0,0,3,0,0,3,1,1,0,0,0,0,0,3,0,0,0,0,0,0,0,0,0,0,0,4,1,0,0,0,0,0,0,0,0,0,0,1,0,0,0,0,0,0,0,0,0,1,0,0,0,0,0,0,0,5,0,1,0,0,0,0
2795103300154100196,20240610,2940.789551,4196.466677,1221.859704,MV_in_Gabra1,4.0,inhibitory,16.0,male,M4,4,0610_M4_T,0,1,0,0,0,0,0,0,4,0,0,0,0,0,0,0,0,0,0,0,0,0,0,0,0,0,0,0,0,0,0,0,0,0,0,0,1,0,0,0,0,0,0,0,0,0,0,0,0,0,0,0,0,0,0,0,0,0,0,0,0,0,0,1,0,0,2,0,0,0,0,0,0,0,0,0,0,0,0,0,0,0,0,0,0,0,0,0,0,0,0,0,0,0,0,0,0,0,0,0,0,0,0,0,0,0,0,0,0,0,0,1,0,0,0,0,0,0,0,0,0,0,0
2795103300179100159,20240610,1618.23291,1362.120817,1463.486048,MV_in_Gabra1,4.0,inhibitory,16.0,male,M4,1,0610_M4_C,0,0,0,1,0,0,0,0,1,0,0,0,0,0,0,0,0,0,0,1,0,0,0,0,0,0,0,0,0,0,1,0,0,0,1,0,0,0,0,0,0,0,0,0,0,0,2,0,0,0,0,2,0,0,0,0,0,0,0,0,0,0,0,1,0,0,0,0,0,0,0,1,0,0,0,0,0,0,0,0,0,0,0,0,0,0,1,0,0,0,0,0,0,0,0,0,0,0,0,0,0,0,0,0,0,0,0,0,0,0,0,0,0,0,0,0,0,0,0,0,0,0,0
2795103300232100046,20240610,1609.114746,6517.855672,1607.792567,MV_in_Gabra1,4.0,inhibitory,16.0,male,M4,2,0610_M4_L,0,1,0,0,0,0,0,0,2,0,0,0,0,0,0,0,0,3,0,0,0,0,0,0,0,0,0,1,0,0,0,0,0,0,1,0,0,0,0,0,0,0,0,0,0,0,0,0,0,0,0,0,0,0,0,1,0,0,0,1,0,0,0,0,0,0,1,0,0,0,0,0,0,0,0,0,0,0,0,0,0,0,0,0,0,0,0,0,0,0,0,0,0,0,0,0,0,0,0,0,0,0,0,0,0,0,3,0,0,0,0,0,0,0,0,0,0,0,1,0,0,0,0
2795103300331100139,20240610,3592.475342,4855.707148,2560.974046,MV_in_Gabra1,4.0,inhibitory,16.0,male,M5,4,0610_M5_T,0,0,0,0,0,0,0,0,0,0,0,0,0,0,0,0,0,0,0,1,0,0,0,0,0,0,0,0,0,0,0,0,0,0,1,0,1,0,0,0,0,0,0,0,0,0,0,0,0,0,0,2,0,0,0,0,0,0,0,0,0,0,0,2,0,0,2,0,0,0,0,0,0,0,0,0,0,0,0,0,0,0,0,0,0,0,1,0,0,0,0,0,0,0,1,0,0,0,0,0,0,0,1,0,0,0,0,0,1,0,0,0,0,0,0,0,0,0,0,0,0,0,1
2795103300331100331,20240610,3024.094482,4711.641,2698.215708,MV_in_Gabra1,4.0,inhibitory,16.0,male,M5,4,0610_M5_T,0,1,0,1,0,0,0,0,0,0,0,0,0,0,0,0,1,0,0,0,0,0,0,0,0,0,0,0,0,0,0,0,0,0,0,0,0,0,0,0,0,0,0,0,0,0,4,0,0,0,0,9,0,0,0,0,0,0,0,0,0,0,0,4,0,0,4,0,0,0,0,0,0,0,0,0,0,0,0,0,0,0,0,0,0,0,1,0,0,0,0,0,1,0,1,0,0,0,0,0,0,2,0,0,0,0,3,0,0,0,0,0,0,0,1,0,0,0,0,0,0,0,0
2795103300345100187,20240610,3732.264893,8810.117536,2587.119746,MV_in_Gabra1,4.0,inhibitory,16.0,male,M5,3,0610_M5_S,0,0,0,0,0,0,0,0,3,0,0,0,0,0,0,0,0,0,0,0,0,0,0,0,0,0,0,1,0,0,0,0,0,0,1,0,0,0,0,0,0,0,0,0,1,0,4,0,0,0,0,9,0,0,0,0,0,0,0,0,0,0,0,3,0,0,0,0,0,0,0,0,0,0,0,0,0,1,0,0,0,0,0,0,0,0,0,0,0,0,0,0,0,0,0,0,0,0,0,0,0,1,0,0,0,0,2,0,2,0,0,0,0,0,0,0,0,0,0,0,0,0,0
2795103300346100275,20240610,4058.956299,8886.729063,2666.315463,MV_in_Gabra1,4.0,inhibitory,16.0,male,M5,3,0610_M5_S,1,0,0,1,0,0,0,1,2,0,0,1,0,0,0,0,0,0,0,0,0,0,0,0,1,0,1,1,0,0,0,0,0,0,1,0,0,0,0,0,0,0,1,0,0,1,0,0,0,0,0,2,0,0,0,0,0,0,0,0,0,0,0,4,0,0,0,0,0,0,0,0,0,0,0,0,0,1,0,0,0,0,0,1,0,0,0,0,0,0,0,0,0,0,0,0,0,0,0,0,0,0,0,0,0,0,0,0,0,0,0,0,0,0,3,1,0,0,0,0,0,0,0
2795103300366100183,20240610,2036.827515,4690.588517,2878.269279,MV_in_Gabra1,4.0,inhibitory,16.0,male,M5,4,0610_M5_T,0,0,0,2,0,0,0,0,0,0,0,0,0,0,0,0,0,0,0,0,0,0,0,0,0,0,0,2,0,0,0,0,0,0,0,0,1,0,1,0,0,0,0,0,0,1,0,0,0,0,0,0,0,0,0,1,0,0,0,0,0,0,0,1,0,0,0,1,0,0,0,0,0,0,0,0,0,0,1,0,0,0,0,1,0,0,1,0,0,0,0,0,0,0,0,0,0,0,1,0,0,1,0,0,0,0,0,0,0,0,1,0,0,0,1,0,0,1,0,0,0,0,0
2795584800087100056,20240610,2326.314941,4469.011699,4369.467078,MV_in_Gabra1,4.0,inhibitory,16.0,female,F3,4,0610_F3_T,0,0,0,0,0,1,0,0,4,0,0,0,0,0,0,0,0,1,0,0,0,0,0,0,0,0,0,1,0,0,0,0,0,0,1,0,0,0,0,0,0,0,0,0,0,0,0,0,0,0,0,0,0,0,0,0,0,0,0,0,0,0,0,2,0,0,0,0,0,0,0,0,0,0,0,1,0,1,0,0,0,0,0,1,0,0,0,0,0,0,0,0,0,0,0,0,0,0,0,0,0,2,0,0,0,0,0,0,0,0,0,0,0,0,0,0,0,1,0,0,0,0,0
2795584800089100218,20240610,2430.032959,4786.765132,4536.942713,MV_in_Gabra1,4.0,inhibitory,16.0,female,F3,4,0610_F3_T,0,1,0,3,0,0,0,0,3,0,1,0,0,0,0,0,0,1,0,0,0,0,0,1,0,0,0,0,0,0,0,0,0,0,2,0,4,0,0,0,0,0,0,0,0,0,9,0,0,0,0,15,0,0,0,0,0,1,0,0,0,0,0,3,0,0,0,1,1,0,0,2,0,0,0,0,1,0,0,0,0,0,0,0,0,0,1,0,1,0,0,0,0,0,0,0,0,0,0,0,0,1,0,0,0,0,2,0,4,0,0,0,1,0,1,0,0,0,0,0,0,0,0
2795584800101100220,20240610,3024.751221,8157.587627,4523.893209,MV_in_Gabra1,4.0,inhibitory,16.0,female,F3,3,0610_F3_S,0,0,0,2,0,0,0,0,3,0,0,0,0,0,0,0,0,0,0,0,0,0,0,0,0,0,5,2,0,0,0,0,0,0,2,0,1,0,0,0,0,0,0,0,0,0,5,0,1,0,0,3,0,0,0,0,0,0,0,0,0,0,0,4,0,0,4,0,0,0,0,0,0,0,0,0,0,0,0,0,0,0,0,0,0,1,1,0,0,0,0,0,0,0,0,0,2,0,0,0,0,1,0,0,0,1,1,0,0,0,0,0,0,0,1,0,0,0,0,0,0,0,0
2795584800137100183,20240610,1039.36145,8318.65416,4760.441813,MV_in_Gabra1,4.0,inhibitory,16.0,female,F3,3,0610_F3_S,0,0,1,0,0,0,0,0,0,0,0,1,0,0,0,0,0,0,0,0,0,0,0,0,0,0,0,0,0,0,0,0,0,0,0,0,0,0,0,0,0,0,0,0,0,0,1,0,0,0,0,2,0,0,0,0,0,0,0,0,0,0,0,3,0,0,0,0,0,0,0,0,0,0,0,0,0,0,0,0,0,0,0,0,0,0,1,0,0,0,1,0,0,0,0,0,0,0,0,0,0,0,0,0,0,0,0,0,0,0,0,0,0,0,1,1,0,0,0,0,0,0,1
2795584800139100108,20240610,3900.852539,8774.023221,4733.776173,MV_in_Gabra1,4.0,inhibitory,16.0,female,F3,3,0610_F3_S,0,0,0,0,0,0,0,0,2,0,0,0,0,0,0,0,0,0,0,0,0,0,0,0,0,0,1,1,0,0,0,0,0,0,1,0,0,0,0,0,0,0,0,0,0,0,1,0,0,0,0,3,1,0,0,0,0,0,0,0,0,0,0,1,0,2,0,0,0,0,0,0,0,0,0,0,0,0,0,0,0,1,0,0,0,0,1,0,0,0,0,0,0,0,0,1,6,0,0,0,0,0,0,0,0,0,1,0,1,0,0,0,0,0,0,5,0,0,0,0,0,0,0
2795584800353100089,20240610,2084.587158,8308.923451,6404.588119,MV_in_Gabra1,4.0,inhibitory,16.0,female,F4,3,0610_F4_S,0,0,0,0,0,0,0,0,5,0,0,1,0,0,1,0,0,11,0,0,0,0,0,0,0,0,0,2,0,0,0,0,0,0,0,0,0,0,0,0,0,0,0,0,0,0,0,0,0,0,0,0,1,0,0,0,0,0,0,0,0,0,0,2,0,0,3,0,0,0,0,0,0,0,0,0,0,0,0,0,0,0,0,1,0,0,0,1,0,0,0,0,0,0,0,2,0,0,0,0,0,0,0,0,0,0,1,0,0,0,0,0,1,0,2,1,0,0,0,0,0,0,0
2795584800412100210,20240610,1876.014893,4729.767795,7014.731042,MV_in_Gabra1,4.0,inhibitory,16.0,female,F4,4,0610_F4_T,0,0,0,0,0,0,0,0,1,0,0,0,0,0,0,0,0,0,0,0,0,0,0,0,0,1,0,1,0,0,0,0,0,0,4,0,0,0,0,0,0,0,0,0,0,0,0,0,0,0,0,8,0,1,0,0,0,0,0,0,0,2,0,12,0,0,4,0,0,0,0,0,0,0,0,0,0,2,0,0,0,0,0,0,0,0,0,0,0,0,0,0,0,0,0,0,0,1,0,0,0,4,0,0,2,1,1,0,0,0,0,0,0,0,0,0,0,0,0,0,0,0,2
2795584800412100226,20240610,3298.948242,4747.277583,7029.302694,MV_in_Gabra1,4.0,inhibitory,16.0,female,F4,4,0610_F4_T,0,0,0,0,0,1,0,0,1,0,0,0,0,0,0,0,0,0,0,1,0,0,0,1,1,0,1,1,0,0,0,0,0,0,1,0,2,0,0,0,0,0,0,0,0,0,0,0,0,0,0,22,0,0,0,0,0,0,0,0,0,0,0,10,0,0,11,0,0,0,1,0,0,0,0,0,0,1,1,0,0,2,0,1,0,1,0,0,0,0,0,0,0,0,0,0,0,0,0,0,0,5,0,0,0,0,2,0,0,0,0,0,0,0,0,0,0,0,0,0,0,0,3
2795584800420100064,20240610,2254.449463,6776.463783,6885.785603,MV_in_Gabra1,4.0,inhibitory,16.0,female,F4,2,0610_F4_L,0,0,0,0,0,0,0,0,4,0,0,0,0,0,0,0,0,1,0,0,0,0,0,1,1,0,2,0,0,0,0,0,0,0,3,0,0,0,0,0,0,0,0,0,0,0,0,0,0,0,0,1,0,0,0,0,0,0,0,0,0,0,0,2,0,0,0,0,0,0,0,0,0,0,0,1,0,0,0,0,0,0,0,0,1,0,3,0,1,0,0,0,0,0,0,0,0,0,0,0,0,3,0,0,0,0,3,0,2,0,0,0,0,0,0,0,0,0,0,0,0,0,1
2795584800447100229,20240610,3465.27417,4270.887731,7341.326678,MV_in_Gabra1,4.0,inhibitory,16.0,female,F4,4,0610_F4_T,0,1,0,2,0,0,0,0,3,2,0,1,0,0,0,0,0,0,0,0,0,0,0,0,0,0,0,1,0,0,0,0,0,0,6,0,3,0,1,1,0,0,0,0,1,9,2,0,1,0,0,3,0,0,0,0,0,0,1,0,5,0,0,9,0,0,5,1,0,0,0,0,0,0,0,0,0,0,0,0,0,0,0,2,0,1,1,1,0,0,0,0,0,0,0,0,1,0,0,0,0,5,0,0,0,0,1,1,0,1,0,0,0,0,0,0,0,0,0,0,0,0,0
2795903600033100179,20240613,1570.491089,2039.681035,4284.111662,MV_in_Gabra1,4.0,inhibitory,16.0,male,M5,3,0613_M5_S,0,1,0,1,0,0,0,0,0,0,0,0,0,0,0,0,0,0,0,1,0,0,0,0,0,0,0,1,0,0,0,0,0,0,0,0,1,0,0,0,0,0,0,0,0,0,2,0,0,0,0,1,0,0,0,0,0,0,0,0,0,0,0,0,0,0,0,0,0,0,0,0,0,0,0,0,1,0,0,0,0,0,0,0,0,0,0,0,0,0,0,0,0,1,0,0,0,0,0,0,0,0,1,0,0,0,0,0,0,0,0,0,0,0,0,0,0,0,0,0,0,0,0
2795903600320100046,20240613,1757.693604,2428.512478,7141.752591,MV_in_Gabra1,4.0,inhibitory,16.0,male,M4,2,0613_M4_L,0,0,0,1,0,0,0,0,2,0,0,0,0,0,0,0,0,0,0,0,0,0,0,0,0,0,0,2,0,0,0,0,0,0,2,0,1,0,0,0,0,1,0,0,0,0,0,0,0,1,0,0,0,0,0,0,0,0,0,0,0,0,0,1,0,0,1,0,0,0,0,0,0,0,0,0,0,0,0,1,0,0,0,1,0,0,1,0,0,0,0,0,0,0,0,0,0,0,0,0,0,0,0,0,0,0,1,0,1,0,0,0,0,0,0,0,0,0,0,0,0,0,1
2795903600322100055,20240613,424.4289246,2949.03104,7158.399394,MV_in_Gabra1,4.0,inhibitory,16.0,male,M4,2,0613_M4_L,0,3,0,0,0,0,0,0,0,0,0,0,0,0,0,0,0,0,0,0,0,0,0,0,0,0,1,1,0,0,0,0,0,0,0,0,1,0,0,0,0,0,0,0,0,0,0,0,0,0,0,1,0,0,1,0,0,0,0,0,0,0,0,0,0,0,0,0,0,0,0,0,0,0,0,0,0,0,0,0,0,0,0,0,0,0,2,0,0,0,0,0,0,0,0,0,0,0,0,0,0,0,0,0,1,0,0,0,0,0,0,0,0,0,1,0,0,0,0,0,0,0,0
2795903600590100281,20240613,2509.805176,5003.253407,10159.93358,MV_in_Gabra1,4.0,inhibitory,16.0,male,M4,1,0613_M4_C,0,0,0,2,0,0,0,0,0,0,0,1,1,0,0,0,0,15,1,0,0,0,0,0,0,0,0,0,0,0,0,0,0,0,2,0,0,0,0,1,0,0,0,0,0,1,1,0,0,0,0,0,0,0,0,0,0,0,0,0,0,0,0,2,0,0,3,0,0,0,0,1,0,0,0,0,0,0,0,0,0,0,0,1,0,0,3,0,1,0,0,0,1,0,0,1,1,0,0,0,0,1,0,0,0,0,0,0,0,0,0,0,0,1,0,0,0,0,0,0,1,0,1
2795903600616100081,20240613,2410.846924,5056.095101,10300.61042,MV_in_Gabra1,4.0,inhibitory,16.0,male,M4,1,0613_M4_C,0,0,0,1,0,2,0,0,5,0,0,0,0,0,0,0,0,0,0,0,0,0,0,0,0,0,0,1,1,0,0,0,0,0,1,0,0,0,0,0,0,0,0,1,0,0,1,0,0,0,0,20,0,0,0,0,0,0,0,0,0,0,0,5,0,0,0,0,0,0,0,1,0,0,0,0,0,0,0,0,0,0,1,1,0,0,0,1,0,0,0,0,1,0,1,0,1,0,0,0,0,0,0,0,0,0,3,0,1,0,1,0,0,0,0,0,0,0,0,0,0,0,0
2795903600668100212,20240613,4016.865234,5218.981691,10957.32949,MV_in_Gabra1,4.0,inhibitory,16.0,male,M4,1,0613_M4_C,0,2,0,1,0,1,1,0,3,0,1,0,0,0,0,0,0,1,0,0,0,0,0,0,0,0,8,0,0,0,0,0,0,0,4,0,3,0,0,0,0,0,1,0,0,0,4,0,0,0,0,4,0,0,0,0,0,1,1,0,0,0,0,10,0,1,11,1,0,0,0,0,0,0,0,0,0,2,0,0,0,0,1,1,0,0,0,0,0,0,0,0,0,0,0,1,0,0,0,0,0,6,0,0,0,0,2,0,0,1,1,0,0,0,0,0,0,1,0,0,1,1,1
2796212800111100134,20240613,2207.996826,6855.776692,922.9936395,MV_in_Gabra1,4.0,inhibitory,16.0,female,F5,3,0613_F5_S,0,2,0,2,0,1,0,0,3,0,0,0,0,0,0,0,0,0,0,0,0,0,0,0,0,0,0,1,1,0,0,0,0,0,1,0,1,0,0,0,0,0,0,3,0,1,1,0,0,0,0,2,0,0,0,0,0,0,1,0,0,0,0,1,0,0,9,1,0,0,0,0,0,0,1,0,0,0,0,0,1,2,0,0,0,0,1,0,0,0,0,0,0,0,0,0,0,0,0,0,1,0,0,0,0,0,1,0,0,0,0,0,0,0,0,0,0,0,0,0,0,0,1
2796212800264100058,20240613,1922.964844,5029.173111,2153.037467,MV_in_Gabra1,4.0,inhibitory,16.0,female,F4,3,0613_F4_S,0,0,0,0,0,0,0,0,1,0,0,1,0,0,0,0,0,0,0,0,0,0,0,0,0,0,0,0,0,0,0,0,0,0,2,0,0,0,0,0,0,0,0,0,0,0,0,0,0,0,0,0,0,0,0,0,0,1,0,0,0,1,0,5,0,0,6,0,0,0,0,0,0,0,0,0,0,0,0,0,0,0,0,0,1,0,0,1,0,0,0,0,0,0,1,0,0,0,0,0,0,0,0,0,0,0,1,0,0,0,0,0,2,0,0,0,0,0,0,1,0,0,0
2796212800397100047,20240613,3460.294678,6236.26588,3291.352229,MV_in_Gabra1,4.0,inhibitory,16.0,female,F4,2,0613_F4_L,0,0,0,2,0,1,1,0,0,0,0,0,0,0,0,0,0,0,0,0,0,0,0,0,0,0,1,1,0,0,0,0,0,0,1,0,1,0,0,0,0,0,0,0,0,1,1,0,0,1,0,10,0,0,0,0,0,0,1,0,0,0,0,9,0,0,0,0,0,0,0,0,0,0,0,0,0,0,0,0,0,2,0,0,0,0,5,0,0,0,0,0,0,0,1,1,0,0,1,0,0,2,0,0,0,1,1,0,1,0,0,0,0,0,1,0,0,0,0,0,2,0,0
2796212800429100202,20240613,1613.084595,6353.835004,3692.099571,MV_in_Gabra1,4.0,inhibitory,16.0,female,F4,2,0613_F4_L,0,0,0,1,1,2,0,0,0,1,0,0,0,0,0,0,0,0,0,0,0,0,0,0,0,0,0,1,0,0,0,0,0,0,0,0,1,0,0,0,0,0,0,0,0,0,0,0,0,0,0,0,0,0,0,0,0,0,0,0,0,0,0,1,0,0,3,0,0,0,0,1,0,0,0,0,0,0,0,0,0,2,0,0,0,0,1,0,0,0,0,0,0,0,0,0,0,0,0,0,0,0,0,0,0,0,1,0,0,0,0,0,0,0,1,0,0,0,0,0,0,0,0
2796212800429100306,20240613,2796.736816,6428.088039,3799.041737,MV_in_Gabra1,4.0,inhibitory,16.0,female,F4,2,0613_F4_L,0,1,0,0,0,0,0,1,2,0,0,0,0,0,0,0,0,0,0,0,0,0,0,0,1,0,0,1,0,0,0,0,0,0,0,0,0,0,0,0,0,0,0,0,0,0,2,0,0,0,0,3,0,1,0,0,0,0,1,0,0,0,0,1,0,0,2,0,1,0,0,1,0,0,0,0,0,3,0,0,0,2,0,2,0,0,3,0,0,0,0,0,0,0,0,0,0,0,1,0,0,0,0,0,0,0,1,0,4,0,0,0,0,0,3,0,0,0,0,0,0,0,1
2796212800585100200,20240613,5079.610352,5199.374569,5123.725749,MV_in_Gabra1,4.0,inhibitory,16.0,female,F3,2,0613_F3_L,0,0,0,0,0,0,0,0,0,0,0,0,0,0,1,0,0,0,0,1,0,0,0,0,0,0,0,0,0,0,0,0,1,0,1,0,3,1,0,0,0,0,0,0,1,0,2,1,0,0,0,9,0,0,0,0,0,0,0,0,0,0,0,3,0,0,3,0,0,0,0,0,0,0,0,0,0,1,0,0,0,1,0,1,0,0,3,0,0,0,0,0,0,0,0,1,0,0,0,0,0,3,0,0,0,1,1,0,0,0,0,1,0,0,2,1,0,0,0,0,0,0,0
2796212800593100137,20240613,2068.622314,7410.197358,5037.224774,MV_in_Gabra1,4.0,inhibitory,16.0,female,F4,4,0613_F4_T,0,0,0,0,0,0,0,0,0,0,0,0,0,0,0,2,0,0,0,0,0,1,0,0,0,0,1,0,0,0,0,0,0,0,2,0,0,1,0,0,0,0,0,0,0,0,1,0,0,0,0,1,0,1,0,0,0,0,1,0,0,0,0,1,0,0,2,0,0,0,0,1,0,0,0,0,0,1,0,0,0,0,0,0,0,0,1,0,0,0,0,0,0,1,0,1,0,0,0,0,0,0,0,0,0,0,0,0,1,0,0,0,0,0,1,1,0,0,0,0,0,0,0
2796212800716100234,20240613,1278.847046,6063.082862,6267.021094,MV_in_Gabra1,4.0,inhibitory,16.0,female,F3,4,0613_F3_T,0,0,0,0,0,0,1,0,1,0,0,0,0,0,0,0,0,0,0,0,0,0,0,0,0,0,0,1,0,0,0,0,0,0,0,0,0,0,0,0,0,0,0,3,0,0,1,0,0,0,0,0,0,0,0,0,0,0,0,0,0,0,0,0,0,1,0,1,0,0,0,0,0,0,0,0,0,0,0,0,0,0,0,1,0,0,0,0,0,0,0,0,0,0,0,0,0,0,0,0,0,0,0,0,0,0,0,0,0,0,0,0,0,0,0,0,0,0,0,0,0,0,0
2796212800747100155,20240613,1437.262085,5738.215796,6460.97368,MV_in_Gabra1,4.0,inhibitory,16.0,female,F3,4,0613_F3_T,0,0,0,0,0,0,0,0,0,0,0,0,0,0,0,0,0,0,0,0,0,0,0,0,0,0,0,0,0,0,0,0,0,0,2,0,1,0,0,0,0,0,0,0,0,0,0,0,0,0,0,1,0,0,0,0,0,0,0,0,0,0,0,1,0,0,0,0,0,0,0,0,0,0,0,0,0,1,0,0,0,0,0,0,0,0,0,0,0,0,0,0,0,0,0,0,0,0,0,0,0,0,0,0,0,0,2,0,0,0,0,0,0,0,1,1,0,0,0,0,0,0,0
2796212800791100130,20240613,2603.209717,9237.948858,6760.166621,MV_in_Gabra1,4.0,inhibitory,16.0,female,F4,1,0613_F4_C,0,0,0,2,0,0,0,0,1,0,0,0,0,0,0,0,0,0,0,0,0,0,0,0,0,0,2,3,0,0,0,0,0,0,1,1,3,1,0,0,0,0,0,0,0,0,3,0,0,0,0,2,0,0,1,0,0,0,0,0,0,0,0,3,0,0,0,0,0,0,0,0,0,0,0,0,0,0,0,0,0,1,0,0,0,0,0,0,0,0,0,0,0,0,0,0,0,0,0,0,0,1,0,0,0,0,1,0,1,0,0,0,1,0,1,0,0,0,0,0,0,0,0
2796212800823100056,20240613,4037.722168,9166.392463,6936.38774,MV_in_Gabra1,4.0,inhibitory,16.0,female,F4,1,0613_F4_C,0,0,0,5,0,2,0,0,1,0,0,0,0,0,0,1,0,0,0,0,0,0,0,0,0,0,2,1,0,0,0,1,1,0,1,0,3,0,0,0,0,0,0,1,0,0,2,0,0,0,0,4,0,0,0,0,1,0,1,0,0,0,0,6,0,0,7,0,0,0,0,1,0,0,0,0,0,0,0,0,0,0,0,2,0,0,2,1,0,0,0,0,2,0,0,0,1,0,1,0,0,2,0,0,0,0,1,0,0,0,0,0,1,0,5,0,0,0,0,0,0,0,1
2796212800855100139,20240613,3349.698242,9019.912725,7287.666159,MV_in_Gabra1,4.0,inhibitory,16.0,female,F4,1,0613_F4_C,0,1,0,1,0,0,0,0,0,0,0,0,0,0,1,3,0,0,0,2,0,1,0,0,0,0,1,0,0,0,0,0,0,0,0,0,1,0,1,0,0,0,0,0,0,0,4,0,0,0,0,24,0,0,0,0,0,0,0,0,0,0,1,5,0,0,0,0,0,0,0,0,0,0,0,0,0,0,0,0,0,1,0,1,0,0,1,0,1,0,0,0,0,0,0,0,1,0,0,0,0,0,0,0,0,0,0,0,0,0,0,0,0,0,0,1,0,0,0,0,0,0,0
2796212800855100162,20240613,928.5422363,9163.401865,7302.478979,MV_in_Gabra1,4.0,inhibitory,16.0,female,F4,1,0613_F4_C,0,0,0,1,0,1,0,0,0,0,0,0,0,0,0,0,0,0,0,0,0,0,0,0,0,0,0,0,0,0,0,0,0,0,1,0,1,0,0,0,0,0,0,0,0,0,0,0,0,0,0,0,0,0,0,0,0,0,0,0,0,0,0,2,0,0,0,0,0,0,0,0,0,0,0,0,0,1,0,0,0,0,0,0,0,0,3,0,0,0,0,0,0,0,0,0,0,0,0,0,0,0,0,0,0,0,0,0,0,0,0,0,0,0,0,0,0,0,0,0,0,0,0
2796212800887100097,20240613,2593.581055,9262.023008,7553.364306,MV_in_Gabra1,4.0,inhibitory,16.0,female,F4,1,0613_F4_C,0,3,0,5,0,1,0,0,1,0,1,3,0,0,0,2,0,0,0,0,0,0,0,0,0,0,0,0,0,0,0,0,0,0,1,0,3,0,0,0,0,0,0,0,0,0,2,0,0,0,0,3,0,0,0,0,0,0,0,0,0,0,1,2,0,0,4,0,0,0,0,0,0,0,1,0,0,0,0,0,0,2,0,0,1,0,4,0,0,0,0,0,0,0,0,0,0,0,0,0,0,1,0,0,0,0,1,0,0,0,0,0,0,0,0,0,0,0,1,0,0,0,2
2796212800888100200,20240613,2888.951172,9429.056857,7643.982881,MV_in_Gabra1,4.0,inhibitory,16.0,female,F4,1,0613_F4_C,0,0,0,1,0,0,0,0,1,0,0,1,0,0,0,0,0,0,0,0,0,0,0,0,0,0,0,0,0,0,0,0,0,0,3,0,1,0,0,0,0,0,0,0,1,0,3,0,0,0,0,3,0,0,0,0,0,0,2,0,0,0,0,8,0,0,0,0,0,0,0,1,0,0,0,0,0,1,0,0,0,0,0,1,0,0,4,0,0,0,0,0,0,0,0,0,0,0,0,0,1,1,1,0,0,0,1,0,4,0,0,0,0,0,1,1,0,0,0,0,0,0,2
2796212800913100116,20240613,2439.848389,7587.99757,7857.567631,MV_in_Gabra1,4.0,inhibitory,16.0,female,F3,1,0613_F3_C,0,1,0,3,0,1,0,0,1,0,0,0,0,0,2,0,0,0,0,0,0,0,0,0,0,0,1,0,0,0,0,0,0,1,2,0,1,0,1,0,0,0,1,0,0,0,3,0,0,0,0,3,0,0,0,0,1,0,0,0,0,0,0,6,0,0,2,0,0,0,0,1,0,0,0,0,0,0,0,0,0,0,0,0,0,0,0,0,0,0,0,0,0,0,0,0,0,0,0,0,0,1,0,0,0,0,0,0,3,0,0,0,0,0,0,1,0,0,0,1,0,0,2
2796212800914100233,20240613,3061.373291,7673.229596,7940.05233,MV_in_Gabra1,4.0,inhibitory,16.0,female,F3,1,0613_F3_C,0,2,0,1,1,0,0,1,0,0,0,0,1,0,0,1,0,1,0,0,0,0,0,0,1,1,0,0,0,0,0,0,1,0,2,0,1,0,0,0,1,0,0,3,0,0,0,0,0,0,0,6,0,0,1,0,0,0,2,0,0,0,0,2,0,1,6,1,0,0,0,0,0,0,0,0,0,0,0,0,0,1,0,0,0,0,2,0,0,0,0,0,0,0,0,0,8,0,0,1,0,1,0,0,0,0,2,0,1,0,0,0,1,1,1,0,0,0,1,0,0,0,1
2796212800978100048,20240613,1649.13147,7786.542726,8334.098612,MV_in_Gabra1,4.0,inhibitory,16.0,female,F3,1,0613_F3_C,0,0,0,0,0,0,0,0,0,0,0,2,0,0,0,1,0,0,0,0,0,0,0,0,1,0,0,0,0,0,0,0,0,0,0,0,1,0,0,0,0,0,0,0,0,0,0,0,0,0,0,4,0,0,0,0,0,0,0,0,0,1,0,3,0,0,0,0,0,0,0,1,0,0,0,0,0,1,0,0,0,3,0,0,0,0,1,0,0,0,0,0,0,0,0,0,0,0,0,0,1,0,0,0,0,0,0,0,1,0,0,0,0,0,0,0,0,0,0,0,0,0,0
2945606900000005317,20240328,1967.445557,1473.732042,5689.49185,MV_in_Gabra1,4.0,inhibitory,16.0,female,F1,1,0328_F1_C,0,3,0,0,0,0,0,0,2,0,0,1,0,0,0,0,0,4,0,0,0,0,0,0,0,0,0,2,0,0,0,0,0,0,1,0,1,0,0,0,0,0,0,0,0,0,0,0,0,0,0,7,1,0,1,0,0,0,0,0,0,0,0,10,1,1,8,0,0,0,0,0,0,0,0,0,0,0,0,0,0,0,0,1,0,0,3,0,0,0,0,0,0,0,0,2,0,0,0,0,0,0,0,0,1,0,1,0,0,0,0,0,0,0,0,0,1,0,0,0,0,0,0
2945606900000005336,20240328,2786.481445,1370.595904,5711.034372,MV_in_Gabra1,4.0,inhibitory,16.0,female,F1,1,0328_F1_C,3,1,1,6,0,0,0,0,4,0,0,3,0,0,3,0,0,0,0,0,0,1,0,0,0,0,2,0,0,0,0,0,0,0,1,0,3,0,0,0,0,1,0,0,0,0,3,1,1,0,0,6,0,0,0,0,0,1,0,0,0,0,0,21,0,0,0,4,1,0,0,1,0,0,0,0,0,2,1,0,0,0,0,0,0,0,0,0,0,0,0,0,0,0,0,2,3,0,0,0,1,3,0,0,0,0,2,0,2,1,0,0,0,0,0,2,0,0,0,0,0,0,1
2945606900000005352,20240328,2824.032471,1593.819893,5727.653922,MV_in_Gabra1,4.0,inhibitory,16.0,female,F1,1,0328_F1_C,0,0,0,2,0,0,0,0,6,0,0,0,0,0,0,0,0,0,0,0,0,0,0,0,0,0,3,0,1,0,0,0,0,0,4,0,2,1,0,0,0,0,0,0,0,0,2,0,0,0,0,3,0,0,0,0,0,1,0,0,0,0,1,5,0,1,9,0,0,3,0,1,0,0,0,0,0,0,0,0,0,1,0,1,0,0,1,0,1,0,1,0,0,0,0,0,0,0,0,0,0,3,0,0,0,0,1,0,0,0,0,0,0,0,2,1,0,0,0,0,0,0,1
2945606900000006378,20240328,2812.464355,1273.920473,5896.002005,MV_in_Gabra1,4.0,inhibitory,16.0,female,F1,1,0328_F1_C,0,1,1,1,0,0,0,0,1,0,0,0,0,0,1,1,0,0,0,0,0,0,0,0,1,0,1,0,0,0,0,0,0,0,2,0,1,0,0,0,1,0,0,0,0,0,3,0,0,0,0,12,0,0,0,0,0,0,0,0,0,0,0,5,0,0,17,0,0,0,0,0,0,0,0,0,0,0,0,0,0,0,0,0,0,0,0,0,0,0,0,0,0,0,1,4,0,0,1,0,1,1,0,0,0,0,2,0,0,0,0,0,0,0,3,0,0,0,0,0,0,1,0
2945606900000006421,20240328,1931.534302,1234.8116,5967.852129,MV_in_Gabra1,4.0,inhibitory,16.0,female,F1,1,0328_F1_C,0,1,0,1,0,0,0,0,0,0,0,0,0,0,0,0,0,0,0,0,0,0,0,0,0,0,1,1,0,0,0,0,0,0,0,0,0,0,0,0,0,0,0,0,0,0,1,0,0,0,0,7,0,0,0,0,0,0,0,0,0,0,0,3,0,0,2,0,0,0,0,1,0,0,0,1,0,0,0,0,0,0,0,0,0,0,2,0,0,0,0,0,0,0,0,0,0,0,0,0,0,0,1,0,0,0,0,0,1,0,1,0,0,0,2,0,0,0,0,0,0,0,0
2946331700000003000,20240415,1650.047363,8458.552642,1020.914082,MV_in_Gabra1,4.0,inhibitory,16.0,female,F2,1,0415_F2_C,0,0,0,0,0,0,0,0,0,0,0,0,0,0,0,0,0,0,0,0,0,0,0,0,0,0,0,1,0,0,0,0,0,0,2,0,0,0,0,0,0,0,0,0,0,1,0,0,0,0,0,1,5,0,0,0,0,0,0,0,0,0,0,0,0,0,2,0,0,0,0,0,0,0,0,0,0,0,0,0,0,1,0,0,0,0,0,0,0,0,0,0,0,0,0,0,2,0,0,0,0,2,0,0,0,0,0,0,0,0,0,0,0,0,0,1,0,0,0,0,0,0,0
2946331700000003151,20240415,1718.176758,8662.128379,947.868334,MV_in_Gabra1,4.0,inhibitory,16.0,female,F2,1,0415_F2_C,0,0,1,3,0,0,0,0,3,0,0,0,0,0,1,0,0,0,0,1,0,0,0,0,0,2,0,3,0,0,0,0,0,0,2,0,1,0,0,0,0,0,0,0,0,0,1,0,0,0,0,3,0,0,0,0,0,2,0,0,0,0,0,4,0,1,2,3,0,0,0,1,0,0,0,0,0,0,0,0,0,1,1,0,1,0,1,0,0,0,0,0,0,0,0,0,1,0,0,0,0,0,0,0,1,1,2,0,2,0,0,0,0,0,0,1,0,0,0,2,0,0,0
2946331700000003172,20240415,3329.54126,8575.032756,970.1525413,MV_in_Gabra1,4.0,inhibitory,16.0,female,F2,1,0415_F2_C,0,0,1,0,0,0,0,0,1,0,0,0,0,0,1,0,0,0,1,0,0,0,0,0,0,0,1,0,1,0,0,0,0,0,1,0,1,0,0,0,0,0,1,0,0,0,2,0,1,0,0,21,0,0,0,0,0,0,0,0,0,0,0,6,0,0,13,0,0,0,0,0,0,0,0,0,0,1,0,0,0,1,0,0,0,0,0,0,0,0,0,0,0,0,2,0,4,0,1,0,0,2,0,0,1,1,4,0,2,0,0,0,0,0,3,0,0,0,0,1,1,0,0
2946331700000003185,20240415,2365.538818,8664.505986,985.3694119,MV_in_Gabra1,4.0,inhibitory,16.0,female,F2,1,0415_F2_C,0,0,0,2,0,0,0,0,3,0,0,0,0,0,0,0,0,0,1,1,0,0,0,0,0,1,0,0,0,0,0,0,0,0,2,0,0,0,0,0,0,0,0,0,0,0,1,0,0,0,0,2,0,0,0,0,0,0,0,0,0,0,0,2,0,0,1,0,0,0,0,0,0,0,0,0,0,0,0,1,0,1,0,1,0,0,1,1,0,0,0,0,0,0,0,0,0,0,0,0,0,0,0,0,0,0,1,0,0,0,0,0,0,1,0,0,0,0,0,0,0,0,0
2946331700000003208,20240415,1855.357178,8814.978592,1003.547005,MV_in_Gabra1,4.0,inhibitory,16.0,female,F2,1,0415_F2_C,0,0,0,6,0,0,0,0,2,0,0,0,0,0,0,0,1,2,0,0,0,0,0,0,0,0,0,0,0,1,0,0,0,0,1,0,3,0,0,0,0,0,0,0,0,0,4,0,1,0,0,8,0,1,0,0,0,0,0,0,0,0,0,4,0,1,0,2,0,0,0,0,0,0,0,0,0,0,0,1,0,1,0,1,0,0,2,0,0,0,0,0,0,0,0,1,1,0,0,0,0,1,0,0,1,0,1,0,6,0,0,1,0,0,0,1,0,0,0,0,0,0,1
2946331700000004973,20240415,2964.855713,9003.112253,1142.698554,MV_in_Gabra1,4.0,inhibitory,16.0,female,F2,1,0415_F2_C,0,0,0,1,0,0,0,0,2,0,0,0,0,0,0,2,0,0,0,0,0,0,0,0,0,0,0,3,0,0,0,0,1,0,1,0,3,2,0,0,0,0,0,0,0,0,3,0,0,0,0,6,0,0,0,0,0,0,0,0,1,0,0,8,0,0,0,0,0,0,1,1,0,0,0,0,0,0,1,0,0,0,0,1,0,1,0,0,0,0,0,0,0,0,0,0,4,1,0,0,0,2,0,0,0,0,2,0,5,0,0,0,0,0,1,1,0,0,0,0,0,0,1
2946331700000005130,20240415,1558.386963,9272.510766,1092.419398,MV_in_Gabra1,4.0,inhibitory,16.0,female,F2,1,0415_F2_C,0,2,1,0,0,0,0,0,0,0,0,0,0,0,1,0,0,0,0,0,0,0,0,0,0,0,0,0,0,0,0,0,0,0,0,0,1,0,0,0,0,0,0,1,0,0,0,0,0,0,0,1,0,0,0,0,0,0,0,0,0,0,0,1,0,0,0,2,0,0,0,0,0,0,0,0,0,0,0,0,0,1,0,0,0,0,1,0,0,0,1,0,0,0,0,0,0,0,1,0,0,0,0,0,0,0,0,0,1,0,0,0,1,0,0,2,0,1,0,0,0,0,0
2946331700000018872,20240415,4133.345703,11344.14044,3437.694337,MV_in_Gabra1,4.0,inhibitory,16.0,female,F2,2,0415_F2_L,0,4,0,9,0,0,0,0,6,0,0,1,1,1,1,0,0,0,0,0,0,0,0,0,0,0,2,8,1,0,0,0,0,0,4,0,5,0,0,0,1,1,0,0,0,0,9,0,0,0,0,22,1,0,2,0,0,0,0,0,0,0,0,19,0,0,6,2,0,1,0,0,0,0,0,0,0,8,0,0,1,1,2,1,0,0,2,0,0,0,0,0,1,0,0,2,3,0,0,0,0,2,0,0,0,0,0,0,5,0,0,0,0,0,0,0,1,3,0,0,0,1,0
